timestamp,open,high,low,close,volume,turnover
1609459200000,28921.5,29673.5,28654.0,29325.0,19234.412,564049131.9
1609545600000,29325.0,33450.0,28967.5,32230.0,47478.703,1530238597.69
1609632000000,32230.0,34820.0,32016.5,32963.0,46033.177,1517391613.451
1609718400000,32963.0,33616.5,27923.0,32024.0,55935.783,1791287514.792
1609804800000,32024.0,34496.5,29905.5,34019.5,39382.593,1339776122.5635
1609891200000,34019.5,37027.5,33364.5,36775.5,35442.508,1303415952.954
1609977600000,36775.5,40560.5,36301.0,39513.0,42640.062,1684836769.806
1610064000000,39513.0,42100.0,36524.5,40641.5,42481.307,1726504038.4405
1610150400000,40641.5,41475.5,38726.5,40074.5,24237.91,971322124.295
1610236800000,40074.5,41363.5,35333.5,38169.5,38921.917,1485630110.9315
1610323200000,38169.5,38278.0,30427.0,35377.5,102480.125,3625490622.1875
1610409600000,35377.5,36672.0,32620.0,34079.0,41680.581,1420432519.899
1610496000000,34079.0,37854.0,32453.5,37417.5,28523.867,1067291793.4725
1610582400000,37417.5,40076.0,36739.0,39167.5,26054.385,1020485124.4875
1610668800000,39167.5,39763.0,34512.5,36716.5,29517.886,1083793461.319
1610755200000,36716.5,37992.5,35380.0,35995.5,22611.161,813900045.7755
1610841600000,35995.5,36841.5,33847.5,35871.5,25196.683,903842814.2345
1610928000000,35871.5,37489.0,34802.0,36662.0,17624.22,646139153.64
1611014400000,36662.0,37920.0,35857.0,35891.5,14428.404,517857062.166
1611100800000,35891.5,36418.0,33370.0,35474.0,22964.047,814626603.278
1611187200000,35474.0,35576.5,30130.0,30911.5,46278.641,1430542211.2715
1611273600000,30911.5,33777.0,28913.5,32969.5,32191.36,1061333043.52
1611360000000,32969.5,33445.0,31395.0,32099.5,18594.629,596878293.5855
1611446400000,32099.5,33065.0,30939.5,32224.5,18424.263,593712663.0435
1611532800000,32224.5,34820.0,31949.0,32284.5,25401.502,820074791.319
1611619200000,32284.5,32895.0,30841.0,32471.0,29124.146,945690144.766
1611705600000,32471.0,32529.0,29273.0,30375.0,43556.661,1323033577.875
1611792000000,30375.0,33733.0,29846.5,33359.0,33807.181,1127773750.979
1611878400000,33359.0,38632.0,32012.0,34222.0,84262.848,2883643184.256
1611964800000,34222.0,34911.5,32826.5,34307.5,27075.192,928882149.54
1612051200000,34307.5,34379.5,32232.5,33128.0,24735.947,819452452.2159998
1612137600000,33128.0,34680.5,32344.5,33556.0,22624.341,759182386.5959998
1612224000000,33556.0,36023.5,33461.5,35506.5,20788.251,738118034.1315
1612310400000,35506.5,37641.0,35420.0,37602.5,21463.855,807094607.6375
1612396800000,37602.5,38779.5,36233.0,36986.0,26939.253,996375211.458
1612483200000,36986.0,38356.0,36615.0,38288.0,18683.878,715368320.864
1612569600000,38288.0,40950.0,38224.5,39319.0,27991.086,1100581510.434
1612656000000,39319.0,39727.0,37439.5,38825.5,32909.977,1277746312.0135
1612742400000,38825.5,46990.0,38061.0,46400.0,58649.466,2721335222.4
1612828800000,46400.0,48223.0,45056.5,46448.0,40163.61,1865519357.28
1612915200000,46448.0,47444.0,43800.0,44826.5,33018.653,1480110648.7045
1613001600000,44826.5,48758.0,44042.5,48018.0,29173.29,1400843039.22
1613088000000,48018.0,49179.5,46174.5,47369.0,22662.268,1073488972.892
1613174400000,47320.0,48206.5,46300.0,47199.5,15857.285,748455923.3574998
1613260800000,47191.5,49834.0,47100.0,48690.5,19052.736,927687242.208
1613347200000,48689.5,49103.0,45712.5,47962.5,20755.226,995472527.025
1613433600000,47962.5,50844.5,47140.5,49174.0,26559.719,1306047622.106
1613520000000,49174.0,52690.0,49014.5,52180.5,23771.016,1240383500.388
1613606400000,52180.5,52589.5,51043.5,51570.0,13409.398,691522654.86
1613692800000,51570.0,56550.0,50832.5,55933.0,26876.36,1503275443.88
1613779200000,55933.0,57667.0,54077.0,55890.5,23163.274,1294606965.497
1613865600000,55890.5,58399.0,55539.5,57459.0,17434.821,1001787379.839
1613952000000,57459.0,57556.0,48000.0,54041.0,45904.102,2480703576.182
1614038400000,54041.0,54125.0,44949.0,48882.5,67266.97,3288177661.025
1614124800000,48882.5,51382.0,47010.0,49729.5,28474.937,1416044379.5415
1614211200000,49729.5,52037.0,46750.0,47133.0,30912.231,1456986183.723
1614297600000,47133.0,48423.0,44150.0,46323.5,37298.301,1727787846.3735
1614384000000,46323.5,48373.5,45000.0,46137.0,19896.527,917966066.199
1614470400000,46137.0,46666.0,43080.0,45156.0,32113.086,1450098511.416
1614556800000,45156.0,49775.0,44983.0,49603.0,26862.151,1332443276.053
1614643200000,49603.0,50206.0,47095.0,48466.5,25106.4,1216819335.6
1614729600000,48466.5,52622.0,48150.5,50384.0,26547.369,1337562639.696
1614816000000,50384.0,51800.0,47544.5,48396.0,30651.757,1483422431.772
1614902400000,48396.0,49463.0,46411.0,48774.5,27508.748,1341725429.326
1614988800000,48774.5,49177.0,47170.0,48874.0,17433.68,852053676.32
1615075200000,48874.0,51465.5,48874.0,50979.5,21735.264,1108052891.088
1615161600000,50979.5,52370.0,49385.0,52340.0,23722.08,1241613667.2
1615248000000,52340.0,54933.0,51856.5,54924.5,23186.956,1273531964.822
1615334400000,54924.5,57425.0,53160.0,55931.0,37536.77,2099469082.87
1615420800000,55931.0,58188.0,54455.0,57810.0,31088.729,1797239423.49
1615507200000,57810.0,58100.0,55157.0,57238.0,25891.973,1482004750.574
1615593600000,57238.0,61939.5,56157.5,61310.5,26187.741,1605583494.5805
1615680000000,61310.5,61775.5,59055.0,59068.0,19959.836,1178987592.848
1615766400000,59068.0,60704.0,54707.5,55620.0,35298.292,1963291001.04
1615852800000,55620.0,56938.0,53376.0,56938.0,27423.878,1561460765.564
1615939200000,56938.0,58940.0,54209.0,58883.0,30476.67,1794557759.61
1616025600000,58883.0,60206.0,57112.0,57686.0,27260.283,1572536685.138
1616112000000,57686.0,59477.0,56366.0,58120.5,22586.044,1312712170.302
1616198400000,58120.5,59900.0,57882.5,58184.0,18888.915,1099032630.36
1616284800000,58184.0,58629.5,55511.5,57351.0,20544.674,1178257598.574
1616371200000,57351.0,58402.5,53675.5,54111.0,24000.41,1298686185.51
1616457600000,54111.0,55833.0,53029.5,54416.0,21076.237,1146884512.592
1616544000000,54416.0,57150.0,51707.0,52333.0,28614.421,1497478494.193
1616630400000,52333.0,53261.0,50504.0,51370.0,31054.131,1595250709.47
1616716800000,51370.0,55042.5,51294.5,55000.0,19744.731,1085960205.0
1616803200000,55000.0,56665.5,54018.5,55859.5,19704.975,1100710051.0125
1616889600000,55859.5,56511.0,54741.5,55760.0,16716.817,932129715.92
1616976000000,55760.0,58450.0,55006.0,57709.5,21803.752,1258283626.044
1617062400000,57709.5,59442.0,57201.0,58742.0,16079.866,944563488.572
1617148800000,58742.0,59855.0,57000.0,58859.5,23831.653,1402719179.7535
1617235200000,58859.5,59496.0,58044.0,58753.0,14320.365,841364404.845
1617321600000,58753.0,60300.0,58565.0,59020.0,13275.679,783530574.58
1617408000000,59020.0,59863.0,56950.0,57135.0,15887.587,907737283.245
1617494400000,57135.0,58428.0,56580.5,58208.0,13331.078,775975388.2239999
1617580800000,58208.0,59252.5,56902.0,59179.5,13317.318,788112220.5809999
1617667200000,59179.5,59552.0,57580.0,58026.5,10872.723,630906061.1595
1617753600000,58026.5,58620.0,55535.0,55957.0,17958.35,1004895390.95
1617840000000,55957.0,58108.5,55750.5,58048.5,11451.863,664763469.3555
1617926400000,58048.5,58861.0,57686.5,58128.0,9575.72,556617452.16
1618012800000,58128.0,61671.5,57940.0,59790.0,15118.312,903923874.48
1618099200000,59790.0,60719.5,59333.0,60033.5,9245.302,555027837.617
1618185600000,60033.5,61324.0,59528.5,59930.0,11173.582,669632769.26
1618272000000,59930.0,63761.5,59912.0,63587.5,16803.286,1068478948.525
1618358400000,63587.5,64943.5,61509.0,62921.0,19086.824,1200962052.904
1618444800000,62921.0,63846.0,62180.0,63258.5,11740.148,742664152.258
1618531200000,63258.5,63565.0,60242.5,61313.0,12995.105,796768872.865
1618617600000,61313.0,62492.0,59750.0,60065.5,10736.507,644893661.2085
1618704000000,60065.5,60415.5,50500.0,56100.0,69461.06,3896765466.0
1618790400000,56100.0,57436.0,54279.0,55626.0,17997.363,1001121314.238
1618876800000,55626.0,57005.5,53382.5,56411.5,19057.796,1075078859.054
1618963200000,56411.5,56712.0,53673.5,53821.5,17002.087,915077825.4705
1619049600000,53821.5,55444.0,50580.0,51785.0,26927.379,1394434321.515
1619136000000,51785.0,52159.0,47581.0,51100.5,37453.747,1913905198.5735
1619222400000,51100.5,51138.0,48742.5,50055.5,20711.401,1036719532.7555
1619308800000,50055.5,50505.0,47019.0,49022.5,21215.314,1040027730.565
1619395200000,49022.5,54327.5,48723.0,54017.0,24963.79,1348469044.43
1619481600000,54017.0,55400.0,53275.0,54993.5,14043.887,772322499.7345
1619568000000,54993.5,56457.0,53888.0,54827.0,17615.683,965815051.841
1619654400000,54827.0,55178.0,52387.0,53508.0,15401.729,824115715.332
1619740800000,53508.0,57880.0,53050.0,57678.0,16544.613,954260188.614
1619827200000,57678.0,58438.5,57093.5,57829.5,11872.941,686606241.5595
1619913600000,57829.5,57933.5,56110.0,56599.5,12624.019,714513163.3905
1620000000000,56599.5,58996.0,56541.0,57199.5,15138.972,865941628.914
1620086400000,57199.5,57222.0,53087.0,53252.0,25799.382,1373868690.264
1620172800000,53252.0,57865.0,52930.0,57481.0,16956.194,974658987.314
1620259200000,57481.0,58396.0,55323.5,56363.0,14756.004,831692653.452
1620345600000,56363.0,58735.0,55311.0,57381.0,14373.045,824739695.145
1620432000000,57381.0,59526.0,57000.0,58893.0,15404.51,907217807.43
1620518400000,58893.0,59274.0,56375.0,58240.5,14143.493,823724104.0664998
1620604800000,58240.5,59586.0,53421.5,55801.0,25609.83,1429054123.83
1620691200000,55801.0,56843.0,54512.0,56684.0,12969.877,735184507.868
1620777600000,56684.0,57929.5,48600.0,49617.0,27697.549,1374269288.733
1620864000000,49617.0,51318.5,45719.0,49715.5,49185.835,2445298379.9425
1620950400000,49715.5,51471.0,48901.0,49850.5,16715.57,833279522.2849998
1621036800000,49850.5,50688.0,46609.0,46800.0,24434.553,1143537080.4
1621123200000,46800.0,49798.0,43890.0,46414.0,39537.452,1835091297.128
1621209600000,46414.0,46629.0,42143.5,43543.0,57269.667,2493693110.181
1621296000000,43543.0,45815.0,42317.5,42903.5,33957.548,1456897660.618
1621382400000,42903.5,43598.5,28801.0,36727.0,194517.585,7144047344.295
1621468800000,36727.0,42400.0,34950.0,40500.5,69061.775,2797036418.3875
1621555200000,40500.5,42215.0,33404.0,37227.5,80998.869,3015385395.6975
1621641600000,37227.5,38799.5,35220.0,37437.0,43077.822,1612704422.214
1621728000000,37437.0,38230.0,31068.5,34658.0,87667.424,3038377580.992
1621814400000,34658.0,39882.5,34390.5,38817.0,54785.841,2126621990.097
1621900800000,38817.0,39800.0,36466.5,38348.0,39895.51,1529913017.48
1621987200000,38348.0,40871.0,37823.0,39237.0,38560.25,1512988529.25
1622073600000,39237.0,40376.5,37176.0,38511.0,36024.325,1387332780.075
1622160000000,38511.0,38870.5,34702.0,35650.0,61180.619,2181089067.35
1622246400000,35650.0,37312.0,33662.0,34613.0,60107.188,2080490098.244
1622332800000,34613.0,36446.5,33360.0,35661.5,38982.934,1390189900.841
1622419200000,35661.5,37462.5,34176.5,37241.0,46193.407,1720288670.087
1622505600000,37241.0,37864.0,35600.0,36648.0,42878.812,1571422702.176
1622592000000,36648.0,38198.0,35900.0,37555.0,35356.862,1327826952.41
1622678400000,37555.0,39440.0,37215.5,39224.5,41782.081,1638881236.1845
1622764800000,39224.5,39265.5,35601.0,36843.5,58235.668,2145605833.958
1622851200000,36843.5,37867.0,34824.0,35507.5,57136.672,2028780381.04
1622937600000,35507.5,36447.0,35235.5,35801.0,36090.257,1292067290.857
1623024000000,35801.0,36784.0,33240.0,33570.5,59358.14,1992682438.87
1623110400000,33570.5,34050.0,30980.0,33352.5,96863.287,3230632779.6675
1623196800000,33352.5,37556.0,32379.0,37414.5,96764.366,3620390371.707
1623283200000,37414.5,38440.5,35819.0,36689.5,82976.921,3044381743.0295
1623369600000,36689.5,37656.5,35944.5,37294.0,62899.427,2345771230.538
1623456000000,37294.0,37412.0,34630.0,35525.0,71044.109,2523841972.225
1623542400000,35525.0,39372.0,34761.5,39026.0,71573.504,2793227567.104
1623628800000,39026.0,40995.0,38772.0,40494.5,73876.764,2991602619.798
1623715200000,40494.5,41300.0,39540.0,40140.5,65945.29,2647076913.245
1623801600000,40140.5,40471.5,38173.5,38393.0,73184.532,2809773737.076
1623888000000,38393.0,39532.5,37400.0,38097.0,63381.549,2414646872.253
1623974400000,38097.0,38223.0,35159.0,35822.0,73699.549,2640065244.278
1624060800000,35822.0,36425.0,34800.0,35528.0,69198.368,2458479618.304
1624147200000,35528.0,36149.0,33338.0,35608.5,86335.779,3074287586.5215
1624233600000,35608.5,35737.5,31265.5,31613.5,155941.818,4929866663.343
1624320000000,31613.5,33246.0,28774.0,32480.0,183677.464,5965844030.72
1624406400000,32480.0,34794.5,31704.0,33642.0,101537.468,3415923498.456
1624492800000,33642.0,35300.0,32330.5,34656.5,88272.599,3059219327.2435
1624579200000,34656.5,35466.0,31300.0,31580.0,115499.419,3647471652.02
1624665600000,31580.0,32700.0,30101.0,32249.5,125869.896,4059241211.052
1624752000000,32249.5,34755.0,31972.0,34690.5,105230.722,3650506361.541
1624838400000,34690.5,35223.0,33905.0,34493.5,82197.421,2835276741.2635
1624924800000,34493.5,36573.0,34240.0,35918.5,88459.594,3177335927.089
1625011200000,35918.5,36073.5,34050.0,35018.0,81673.083,2860028020.494
1625097600000,35018.0,35021.5,32710.0,33490.0,87789.018,2940054212.82
1625184000000,33490.0,33924.0,32695.0,33753.5,76578.495,2584792230.9825
1625270400000,33753.5,34900.0,33339.0,34649.5,60732.073,2104335963.4135
1625356800000,34649.5,35940.0,34370.0,35293.0,55923.081,1973693297.733
1625443200000,35293.0,35293.0,33119.0,33679.0,88304.972,2974023151.988
1625529600000,33679.0,35061.5,33512.0,34200.0,85359.6,2919298320.0
1625616000000,34200.0,35036.0,33806.0,33878.5,56395.635,1910599520.3475
1625702400000,33878.5,33937.5,32089.0,32854.0,86837.716,2852966321.464
1625788800000,32854.0,34084.0,32280.5,33820.0,62156.971,2102148759.22
1625875200000,33820.0,34230.5,33010.0,33500.5,52901.66,1772232060.83
1625961600000,33500.5,34540.0,33339.0,34234.0,47167.919,1614746539.046
1626048000000,34234.0,34620.0,32700.0,33112.5,60723.55,2010708549.375
1626134400000,33112.5,33312.0,32213.5,32720.0,57099.924,1868309513.28
1626220800000,32720.0,33082.5,31594.0,32800.0,65940.998,2162864734.4
1626307200000,32800.0,33145.5,31160.0,31855.5,71404.047,2274611619.2085
1626393600000,31855.5,32200.0,31056.0,31384.0,59040.663,1852932167.592
1626480000000,31384.0,31914.0,31171.5,31509.0,49507.375,1559927878.875
1626566400000,31509.0,32380.0,31122.0,31748.0,49774.363,1580236476.524
1626652800000,31748.0,31849.0,30412.0,30815.5,59829.147,1843665079.3785
1626739200000,30815.5,31032.0,29272.5,29765.0,75599.105,2250207360.325
1626825600000,29765.0,32840.0,29509.0,32089.0,108816.959,3491827397.351
1626912000000,32089.0,32540.0,31725.5,32283.5,51266.178,1655051657.463
1626998400000,32283.5,33600.0,32028.0,33600.0,60740.905,2040894408.0
1627084800000,33600.0,34437.5,33411.5,34224.0,52624.876,1801033756.224
1627171200000,34224.0,35366.0,33829.0,35348.5,63046.267,2228590969.0495
1627257600000,35348.5,40555.0,35174.5,37235.0,181847.223,6771081348.405
1627344000000,37235.0,39486.5,36396.5,39440.5,101395.283,3999080659.1615
1627430400000,39440.5,40874.0,38719.0,39995.0,108130.824,4324692305.88
1627516800000,39995.0,40602.0,39250.0,39990.5,67475.488,2698378502.864
1627603200000,39990.5,42300.0,38305.0,42209.5,78071.314,3295351128.283
1627689600000,42209.5,42421.5,41016.0,41445.5,52744.762,2186033033.471
1627776000000,41445.5,42600.0,39389.0,39836.5,70335.184,2801907557.416
1627862400000,39836.5,40450.0,38662.0,39165.0,63791.587,2498397504.855
1627948800000,39165.0,39780.0,37593.0,38208.5,66906.198,2556385466.283
1628035200000,38208.5,39952.0,37375.5,39715.5,63580.235,2525120823.1425
1628121600000,39715.5,41346.5,37281.0,40848.5,94663.924,3866879299.514
1628208000000,40848.5,43481.5,39870.0,42799.5,92211.053,3946586962.8735
1628294400000,42799.5,44784.0,42360.0,44578.5,80381.621,3583292091.7485
1628380800000,44578.5,45319.5,43288.0,43806.0,71082.833,3113854582.398
1628467200000,43806.0,46465.0,42800.0,46258.0,77887.062,3602899713.996
1628553600000,46258.0,46737.5,44667.0,45580.5,58631.02,2672431207.11
1628640000000,45580.5,46728.5,45348.0,45520.0,52107.825,2371948194.0
1628726400000,45520.0,46220.0,43810.0,44410.0,59451.15,2640225571.5
1628812800000,44410.0,47956.0,44220.0,47790.0,58543.34,2797786218.6
1628899200000,47790.0,48280.5,46022.0,47080.0,48200.232,2269266922.56
1628985600000,47080.0,47382.0,45510.0,46998.0,45021.423,2115916838.154
1629072000000,46998.0,48341.0,45713.0,45955.5,54615.405,2509878244.4775
1629158400000,45955.5,47300.0,44420.0,44726.0,61511.181,2751149081.406
1629244800000,44726.0,46000.0,44300.0,44730.0,51428.736,2300407361.28
1629331200000,44730.0,47075.0,44000.0,46738.0,65759.921,3073487187.698
1629417600000,46738.0,49479.5,46638.5,49298.5,61043.432,3009349632.452
1629504000000,49298.5,49800.0,48250.0,48800.5,52878.629,2580503534.5145
1629590400000,48800.5,49520.0,47974.5,49248.5,46436.938,2286949541.093
1629676800000,49248.5,50490.0,49060.5,49535.0,56016.2,2774762467.0
1629763200000,49535.0,49840.0,47627.0,47747.0,64246.91,3067597211.77
1629849600000,47747.0,49230.0,47200.0,48965.5,63923.719,3130056862.6945
1629936000000,48965.5,49338.5,46300.0,46868.0,73250.438,3433101528.184
1630022400000,46868.0,49144.0,46400.0,49047.0,67662.335,3318634544.745
1630108800000,49047.0,49275.5,48411.0,48890.5,39770.342,1944391905.551
1630195200000,48890.5,49710.5,47789.5,48747.5,50252.368,2449677309.08
1630281600000,48747.5,48862.0,46908.0,47027.0,55683.504,2618628142.608
1630368000000,47027.0,48233.0,46680.0,47180.0,52476.72,2475851649.6
1630454400000,47180.0,49096.0,46585.0,48827.0,53156.382,2595466663.914
1630540800000,48827.0,50400.0,48561.0,49322.0,59400.734,2929763002.348
1630627200000,49322.0,51037.5,48400.0,50035.5,70433.186,3524159678.103
1630713600000,50035.5,50552.0,49430.0,49940.5,38638.055,1929603785.7275
1630800000000,49940.5,51859.5,49550.0,51641.5,41638.86,2150293188.69
1630886400000,51641.5,52753.5,51083.5,52588.5,39401.087,2072044063.6995
1630972800000,52588.5,52858.0,42330.0,46839.5,129172.779,6050388381.9705
1631059200000,46839.5,47330.0,44444.0,46090.0,69069.38,3183407724.2
1631145600000,46090.0,47428.0,45500.0,46384.5,48007.866,2226820860.477
1631232000000,46384.5,47043.0,44151.0,44871.0,56473.353,2534015822.463
1631318400000,44871.0,45971.5,44756.0,45189.0,34418.617,1555342883.613
1631404800000,45189.0,46460.0,44772.0,46027.5,38197.812,1758149791.83
1631491200000,46027.5,46900.0,43199.5,44955.0,69994.594,3146606973.27
1631577600000,44955.0,47218.0,44622.0,47089.0,43927.657,2068509440.473
1631664000000,47089.0,48447.0,46699.0,48100.0,38088.8,1832071280.0
1631750400000,48100.0,48435.0,47055.0,47766.0,38942.575,1860131037.45
1631836800000,47766.0,48108.0,46788.0,47276.0,34153.802,1614655143.352
1631923200000,47276.0,48800.0,47061.0,48300.0,31307.498,1512152153.4
1632009600000,48300.0,48340.5,46880.0,47274.5,34445.799,1628407924.8255
1632096000000,47274.5,47342.0,42500.0,43057.0,91656.427,3946450777.339
1632182400000,43057.0,43600.0,39520.0,40724.5,102692.021,4182081209.2145
1632268800000,40724.5,43970.0,40564.5,43529.0,66174.576,2880513118.704
1632355200000,43529.0,45006.0,43058.0,44825.0,51179.731,2294131442.075
1632441600000,44825.0,45080.0,40647.5,42802.5,93028.82,3981866068.05
1632528000000,42802.5,42950.0,41667.0,42639.5,46887.753,1999270344.0435
1632614400000,42639.5,43984.0,40750.5,43168.5,64621.027,2789592804.0495
1632700800000,43168.5,44343.5,42110.0,42170.0,53169.251,2242147314.67
1632787200000,42170.0,42730.0,40854.0,41006.5,62369.432,2557552113.308
1632873600000,41006.5,42550.0,40728.5,41520.0,52430.169,2176900616.88
1632960000000,41520.0,44100.0,41406.0,43757.5,66031.645,2889379706.0875
1633046400000,43757.5,48440.0,43273.0,48092.5,78777.621,3788612737.9425
1633132800000,48092.5,48315.0,47439.0,47650.0,29182.812,1390560991.8
1633219200000,47650.0,49357.0,47098.0,48175.5,36264.103,1747041294.0765
1633305600000,48175.5,49500.0,46902.5,49176.5,56483.104,2777641363.856
1633392000000,49176.5,51908.0,48988.5,51470.5,49620.339,2553983658.4995
1633478400000,51470.5,56413.0,50339.5,55337.5,72446.619,4009014778.9125
1633564800000,55337.5,55338.0,53357.0,53818.0,42385.979,2281128617.822
1633651200000,53818.0,56250.0,53630.0,53964.0,41408.545,2234570722.38
1633737600000,53964.0,55550.0,53717.0,54968.0,28741.666,1579871896.688
1633824000000,54968.0,56666.0,54135.0,54724.5,41017.303,2244651398.0235
1633910400000,54724.5,57881.0,54496.0,57487.5,46155.857,2620814825.777
1633996800000,57487.5,57833.5,53700.0,56006.0,54458.931,3073828925.8065
1634083200000,56006.0,57799.5,54265.5,57369.5,50694.569,2834588051.477
1634169600000,57369.5,58653.0,56747.0,57355.5,38579.275,2225490048.277
1634256000000,57355.5,63801.0,56900.0,61743.5,71122.59,4284355830.34
1634342400000,61743.5,62419.5,60217.0,60912.0,32992.729,2021359201.1235
1634428800000,60912.0,61722.0,58803.5,61544.0,37085.57,2250808059.2555
1634515200000,61544.0,62769.0,59917.0,62033.5,48302.597,2977757879.753
1634601600000,62033.5,64480.0,61367.5,64264.5,54114.001,3400590935.9715
1634688000000,64264.5,67210.0,63501.0,66055.0,42732.686,2796648881.231
1634774400000,66055.0,66726.0,61880.0,62246.0,75022.84,4819549322.614
1634860800000,62246.0,63774.0,60100.0,60760.0,53986.875,3343216734.9985
1634947200000,60760.0,61809.0,59625.0,61357.0,33357.484,2036483847.299
1635033600000,61357.0,61521.0,59456.0,60901.5,33673.743,2038881514.0665
1635120000000,60901.5,63750.5,60708.5,63108.0,31849.791,1997934855.096
1635206400000,63108.0,63301.5,59888.0,60310.5,35673.572,2209446479.6215
1635292800000,60310.5,61520.0,57919.5,58481.5,49680.292,2951545209.3735
1635379200000,58481.5,62664.5,57476.0,60678.5,57844.911,3485565314.6855
1635465600000,60678.5,62988.5,60111.0,62300.0,36929.565,2273748507.6015
1635552000000,62300.0,62386.5,60700.0,61894.5,26685.937,1643867029.0195
1635638400000,61894.5,62400.0,60000.0,61338.0,29782.958,1818398591.717
1635724800000,61338.0,62536.5,59444.0,60949.5,41534.816,2542594767.065
1635811200000,60949.5,64258.5,60667.0,63258.0,40307.395,2530640416.919
1635897600000,63258.0,63600.0,60077.0,62961.5,42082.503,2634023443.8185
1635984000000,62961.5,63120.0,60628.0,61440.5,32594.501,2013427237.0745
1636070400000,61440.5,62643.5,60764.0,61045.0,25442.648,1567438850.0225
1636156800000,61045.0,61600.0,60150.0,61440.0,19318.052,1176024444.207
1636243200000,61440.0,63300.0,61378.0,63264.0,21403.723,1330821997.8685
1636329600000,63264.0,68000.0,63263.5,67603.5,41279.905,2712155648.9605
1636416000000,67603.5,68600.0,66250.0,66976.5,33245.244,2244533339.9955
1636502400000,66976.5,69138.5,62512.5,64893.5,54928.016,3650000118.3575
1636588800000,64893.5,65594.0,64127.0,64831.0,24866.856,1613693856.6425
1636675200000,64831.0,65465.0,62350.0,64141.0,39563.226,2529368200.1635
1636761600000,64141.0,65142.5,63409.5,64423.0,18379.214,1179103792.78
1636848000000,64423.0,65530.0,63650.0,65529.5,22539.186,1454842206.67
1636934400000,65529.5,66383.0,63333.0,63691.5,29815.217,1938375145.0945
1637020800000,63691.5,63691.5,58500.0,60111.0,61601.916,3745841010.0065
1637107200000,60111.0,60930.5,58350.0,60370.5,37670.862,2251331423.137
1637193600000,60370.5,61097.0,56483.0,56932.5,52877.173,3096745711.88
1637280000000,56932.5,58307.5,55665.5,58095.5,33572.605,1915596181.684
1637366400000,58095.5,59863.5,57291.5,59731.0,22511.729,1319974511.902
1637452800000,59731.0,60047.5,58532.0,58627.0,21529.601,1273643841.23
1637539200000,58627.0,59692.0,55614.0,56278.0,45199.594,2594257814.613
1637625600000,56278.0,57902.0,55300.0,57586.5,36564.181,2076925297.058
1637712000000,57586.5,57732.0,55935.0,57185.5,22991.827,1304328511.7535
1637798400000,57185.5,59440.5,57041.5,58937.0,24965.578,1455886875.391
1637884800000,58937.0,59150.0,53563.0,53800.5,51957.556,2873726013.505
1637971200000,53800.5,55298.5,53684.5,54778.5,22101.393,1208035844.5355
1638057600000,54778.5,57435.5,53122.0,57299.0,29634.798,1630099128.5515
1638144000000,57299.0,58871.5,56686.5,57785.0,30774.031,1773966969.9045
1638230400000,57785.0,59200.0,55900.0,56962.0,52754.226,3029000371.975
1638316800000,56962.0,59073.0,56447.0,57225.0,40409.285,2326704577.9655
1638403200000,57225.0,57390.5,55800.0,56501.5,33285.235,1885160338.76
1638489600000,56501.5,57690.0,51111.0,53626.5,56319.047,3096215859.8875
1638576000000,53626.5,53850.0,40829.0,49125.5,94415.52,4549789836.6235
1638662400000,49125.5,49716.0,47736.0,49358.0,36312.72,1776856626.5595
1638748800000,49358.0,50900.0,47020.0,50422.0,47334.375,2304052239.8575
1638835200000,50422.0,51923.5,50011.0,50580.5,32766.127,1669616179.209
1638921600000,50580.5,51232.5,48514.0,50451.5,38732.992,1938404617.123
1639008000000,50451.5,50758.0,47315.5,47541.5,39705.444,1940121679.67
1639094400000,47541.5,50149.5,46750.0,47181.0,48566.946,2345944675.03
1639180800000,47181.0,49489.0,46750.0,49353.0,35314.48,1709091481.8435
1639267200000,49353.0,50790.0,48606.0,50079.5,28836.608,1430325482.399
1639353600000,50079.5,50167.0,45502.0,46652.5,62422.889,2981997577.313
1639440000000,46652.5,48826.5,46251.5,48356.0,44417.282,2097104619.652
1639526400000,48356.0,49504.5,46543.5,48867.5,58604.192,2816456006.936
1639612800000,48867.5,49450.0,47525.0,47661.0,38036.221,1846398764.8775
1639699200000,47661.0,47982.5,45280.0,46150.0,57804.244,2700291699.181
1639785600000,46150.0,47321.5,45500.0,46836.0,30646.373,1426971198.5775
1639872000000,46836.0,48390.0,46421.0,46699.5,40624.569,1921279980.44
1639958400000,46699.5,47499.0,45479.5,46882.0,40230.19,1866096465.8545
1640044800000,46882.0,49318.0,46658.5,48886.5,44159.47,2139219396.2285
1640131200000,48886.5,49586.0,48418.0,48610.5,31008.412,1518033901.3015
1640217600000,48610.5,51431.5,48030.0,50794.0,46216.044,2280316775.7095
1640304000000,50794.0,51980.0,50402.0,50785.0,36180.563,1846450087.067
1640390400000,50785.0,51149.0,50100.0,50406.0,22598.461,1146566262.6365
1640476800000,50406.0,51294.0,49283.0,50763.0,33267.173,1667676503.7945
1640563200000,50763.0,52119.0,50464.5,50706.5,34775.812,1779211905.087
1640649600000,50706.5,50707.0,47312.0,47539.0,56720.437,2771755801.472
1640736000000,47539.0,48137.0,45807.5,46450.0,47475.799,2246831049.851
1640822400000,46450.0,47920.5,45887.0,47110.5,38048.539,1790065733.293
1640908800000,47110.5,48554.0,45634.0,46200.5,55130.934,2604082697.6035
1640995200000,46200.5,47915.5,46200.5,47719.5,34577.53,1630166706.836
1641081600000,47719.5,48000.0,46600.0,47305.0,36773.655,1737198285.512
1641168000000,47305.0,47576.5,45700.0,46462.0,44821.196,2094362108.4335
1641254400000,46462.0,47475.0,45500.0,45870.0,54528.894,2533791596.9775
1641340800000,45870.0,47060.0,42444.0,43437.0,88336.716,3997186853.9575
1641427200000,43437.0,43795.0,42179.0,43110.5,54414.952,2341933024.445
1641513600000,43110.5,43260.0,40517.5,41554.5,93332.759,3904270631.662
1641600000000,41554.5,42302.0,40550.0,41691.0,56097.239,2330029309.0665
1641686400000,41691.0,42771.0,41076.0,41856.0,44037.238,1844930505.6965
1641772800000,41856.0,42200.0,39655.0,41809.0,92911.598,3825359289.183
1641859200000,41809.0,43163.0,41279.0,42701.5,64094.5,2704167723.5835
1641945600000,42701.5,44450.0,42360.0,43889.5,54204.5,2348596567.1305
1642032000000,43889.5,44366.5,42303.0,42564.0,58603.398,2538941385.218
1642118400000,42564.0,43704.5,41743.0,43056.5,55972.779,2387503426.879
1642204800000,43056.5,43779.5,42563.0,43083.0,38027.051,1640085698.718
1642291200000,43083.0,43455.0,42601.0,43051.0,33876.97,1458379098.496
1642377600000,43051.0,43143.0,41550.0,42200.0,48718.942,2066241799.1645
1642464000000,42200.0,42650.0,41300.0,42332.5,52274.76,2186745669.488
1642550400000,42332.5,42546.0,41140.0,41683.5,62615.99,2623449177.1965
1642636800000,41683.5,43482.0,40600.0,40702.0,81535.441,3439135596.0465
1642723200000,40702.0,41111.0,35378.0,36442.5,162167.628,6215688060.2435
1642809600000,36442.5,36790.0,33960.0,35062.0,131383.791,4638846833.283
1642896000000,35062.0,36613.0,34601.0,36234.5,77883.381,2761928404.6285
1642982400000,36234.5,37550.0,32906.0,36651.5,168804.434,5845948878.4675
1643068800000,36651.5,37500.0,35701.0,36937.5,75916.857,2772670829.682
1643155200000,36937.5,38888.0,36250.0,36770.0,106296.557,3999616674.724
1643241600000,36770.0,37223.0,35490.5,37140.5,84805.385,3081213770.0705
1643328000000,37140.5,37964.0,36172.5,37693.5,75655.774,2797810728.6685
1643414400000,37693.5,38769.0,37256.0,38150.5,50637.813,1917703029.6855
1643500800000,38150.5,38358.0,37320.0,37875.5,39029.632,1479300109.381
1643587200000,37875.5,38771.0,36632.0,38440.0,65792.045,2472522939.2255
1643673600000,38440.0,39250.0,37969.5,38680.5,66380.123,2560684628.6025
1643760000000,38680.5,38814.0,36500.0,36887.0,67392.693,2546480796.4695
1643846400000,36887.0,37425.0,36200.5,37291.5,62389.278,2290136378.5065
1643932800000,37291.5,41769.0,37015.0,41548.5,103204.417,4019755518.9705
1644019200000,41548.5,41918.0,40919.0,41380.0,48132.733,1996493814.885
1644105600000,41380.0,42638.5,41110.0,42350.0,40226.395,1676548069.587
1644192000000,42350.0,44500.0,41595.0,43825.5,80797.131,3490790930.0335
1644278400000,43825.5,45500.0,42650.0,44015.0,95059.906,4167897878.3465
1644364800000,44015.0,44808.0,43100.5,44333.0,65251.374,2863614985.8835
1644451200000,44333.0,45924.5,43150.0,43477.0,116198.949,5164001911.2015
1644537600000,43477.0,43876.0,41900.0,42354.0,83025.2,3575050128.4595
1644624000000,42354.0,42975.0,41630.0,42199.5,53240.605,2249735637.602
1644710400000,42199.5,42750.0,41823.0,42059.5,42909.72,1816242910.6405
1644796800000,42059.5,42845.0,41566.5,42536.5,61138.349,2583238229.6865
1644883200000,42536.5,44800.0,42370.5,44524.5,58733.817,2579399028.073
1644969600000,44524.5,44535.5,43265.0,43879.5,53877.282,2366076487.234
1645056000000,43879.5,44147.0,40009.5,40515.0,99227.771,4189450055.998
1645142400000,40515.0,40924.0,39438.5,39999.5,80101.734,3222343314.649
1645228800000,39999.5,40450.0,39557.0,40064.0,39292.267,1572115598.475
1645315200000,40064.0,40095.0,37917.0,38355.0,84531.025,3266604908.0825
1645401600000,38355.0,39480.0,36751.0,37001.5,152786.854,5838284159.466
1645488000000,37001.5,38455.0,36312.5,38214.5,104586.233,3910082575.686
1645574400000,38214.5,39240.0,37050.0,37245.5,85829.737,3281330301.4325
1645660800000,37245.5,40000.0,34242.5,38318.0,191619.669,6917665650.939
1645747200000,38318.0,39676.5,37959.5,39174.5,88825.461,3451344821.8045
1645833600000,39174.5,40300.0,38556.0,39094.5,56205.281,2204184292.5515
1645920000000,39094.5,39892.5,36922.0,37665.0,113682.746,4383732980.376
1646006400000,37665.0,44347.5,37435.0,43150.5,136475.673,5470217424.9845
1646092800000,43150.5,44900.0,42811.0,44389.5,96498.581,4221921434.636
1646179200000,44389.5,45372.0,43334.0,43893.5,93178.504,4113696502.2535
1646265600000,43893.5,44065.0,41811.5,42450.5,88362.18,3797963302.9465
1646352000000,42450.5,42505.5,38506.0,39114.5,110111.539,4489655181.3335
1646438400000,39114.5,39575.0,38552.0,39360.0,42833.465,1674535441.489
1646524800000,39360.0,39748.0,38088.0,38394.0,83152.158,3231381137.7385
1646611200000,38394.0,39536.0,37139.0,37976.0,118715.418,4542683904.3875
1646697600000,37976.0,39330.0,37865.0,38726.5,103859.811,4015922080.8925
1646784000000,38726.5,42698.0,38658.0,41941.5,112368.715,4656877018.8915
1646870400000,41941.5,42027.0,38486.0,39408.0,134309.741,5313255752.186
1646956800000,39408.0,40250.0,38202.0,38726.0,125849.454,4924649079.1905
1647043200000,38726.0,39447.0,38631.5,38793.0,42633.865,1665338007.4955
1647129600000,38793.0,39305.5,37551.0,37756.0,51212.893,1979197984.7655
1647216000000,37756.0,39922.0,37527.0,39645.5,84899.346,3296542410.572
1647302400000,39645.5,39950.0,38100.0,39280.0,81560.076,3182536930.329
1647388800000,39280.0,41737.0,38750.0,41124.5,149450.037,6016570025.9055
1647475200000,41124.5,41446.5,40400.0,40890.0,55484.701,2268658787.1255
1647561600000,40890.0,42335.0,40105.0,41751.5,82538.367,3383810732.4495
1647648000000,41751.5,42397.0,41460.0,42180.5,45659.219,1912373615.2535
1647734400000,42180.5,42250.0,40920.0,41272.0,55157.909,2290045730.887
1647820800000,41272.0,41537.0,40473.5,40985.0,71878.595,2949534434.7465
1647907200000,40985.0,43453.0,40860.0,42359.5,98939.767,4199782440.112
1647993600000,42359.5,42987.0,41697.5,42851.5,70821.273,2990873384.6055
1648080000000,42851.5,44199.0,42556.0,43970.5,81877.149,3546573490.5115
1648166400000,43970.5,45055.5,43556.0,44293.5,86167.807,3820768803.711
1648252800000,44293.5,44750.0,44050.0,44470.0,34456.394,1528669815.734
1648339200000,44470.0,46989.0,44418.0,46793.0,74844.269,3406799235.339
1648425600000,46793.0,48185.0,46625.5,47122.5,89817.892,4252739387.099
1648512000000,47122.5,48068.5,46917.0,47418.0,63821.345,3033120489.8735
1648598400000,47418.0,47676.0,46501.0,47024.0,64443.042,3039056270.3845
1648684800000,47024.0,47589.5,45110.0,45511.0,87714.467,4073653213.757
1648771200000,45511.0,46697.0,44202.0,46274.0,102289.739,4642771573.114
1648857600000,46274.0,47230.0,45608.0,45807.0,62395.391,2896239809.3095
1648944000000,45807.0,47493.0,45501.0,46411.5,64093.179,2977336645.528
1649030400000,46411.5,46880.0,45050.0,46580.5,74905.235,3444644975.8535
1649116800000,46580.5,47190.0,45319.5,45485.5,74202.1,3430124577.384
1649203200000,45485.5,45495.0,43100.0,43158.5,112792.055,4998318982.489
1649289600000,43158.5,43883.0,42703.5,43427.0,66337.665,2878311692.284
1649376000000,43427.0,43982.0,42090.0,42256.0,97474.878,4206498262.594
1649462400000,42256.0,42778.0,42120.0,42726.5,34846.396,1478274506.6345
1649548800000,42726.5,43403.0,41745.0,42137.0,58103.289,2477089346.2065
1649635200000,42137.0,42400.0,39171.5,39500.0,142864.887,5841324276.69
1649721600000,39500.0,40713.0,39216.0,40055.0,105454.116,4215380365.4865
1649808000000,40055.0,41553.0,39580.0,41137.0,99503.899,4035608393.3475
1649894400000,41137.0,41463.0,39521.0,39930.0,79193.988,3209733987.35
1649980800000,39930.0,40849.0,39746.0,40528.5,57083.369,2297278706.2095
1650067200000,40528.5,40695.0,39972.5,40357.5,38739.216,1563304033.949
1650153600000,40357.5,40562.0,39520.5,39662.0,46249.088,1858251648.0215
1650240000000,39662.0,41255.0,38466.5,40773.5,109434.916,4340759134.3055
1650326400000,40773.5,41769.5,40533.0,41465.5,64952.685,2670182855.46
1650412800000,41465.5,42169.0,40867.0,41333.5,73981.031,3071057896.3045
1650499200000,41333.5,42950.0,39588.0,40454.5,117450.148,4892955559.1475
1650585600000,40454.5,40767.0,39007.0,39676.5,93447.976,3737846017.5215
1650672000000,39676.5,40048.0,39261.0,39421.5,35547.013,1409033753.1815
1650758400000,39421.5,39914.5,38831.0,39439.5,52562.029,2077826049.217
1650844800000,39439.5,40673.0,38072.0,40400.0,140931.528,5521824282.3495
1650931200000,40400.0,40803.0,37668.5,38103.5,140001.463,5477354647.8785
1651017600000,38103.5,39479.0,37855.0,39206.0,111802.804,4344614366.976
1651104000000,39206.0,40350.0,38863.5,39734.5,128905.192,5107864296.43
1651190400000,39734.5,39909.0,38162.0,38572.0,95211.06,3709704165.6605
1651276800000,38572.0,38770.0,37558.5,37611.5,51299.112,1965501429.4455
1651363200000,37611.5,38663.0,37351.0,38446.5,71377.503,2717382143.99
1651449600000,38446.5,39255.5,38005.0,38528.0,100419.787,3884153237.8775
1651536000000,38528.0,38630.0,37500.0,37733.5,69300.33,2643280520.388
1651622400000,37733.5,40058.5,37660.5,39696.5,128880.144,5025517126.8475
1651708800000,39696.5,39840.0,35511.0,36526.0,173313.498,6476301868.486
1651795200000,36526.0,36666.0,35200.0,35990.5,130999.997,4714748993.3715
1651881600000,35990.5,36135.0,34744.0,35462.0,58998.423,2098865018.2435
1651968000000,35462.0,35498.5,33666.0,34032.5,129476.014,4460708505.753
1652054400000,34032.5,34258.0,30018.0,30063.5,348620.325,11169337923.619
1652140800000,30063.5,32665.5,29711.0,31015.0,264273.27,8259879061.6395
1652227200000,31015.0,32230.0,27600.0,29067.5,389280.92,11781234348.7915
1652313600000,29067.5,30233.0,26536.0,29003.0,310008.707,8785070473.1975
1652400000000,29003.0,31049.0,28736.0,29268.5,137460.82,4145328577.3705
1652486400000,29268.5,30321.0,28597.5,30071.0,102289.838,3004699366.145
1652572800000,30071.0,31518.0,29409.0,31315.5,103671.681,3140100740.8925
1652659200000,31315.5,31315.5,29050.0,29854.0,151169.241,4514532394.543
1652745600000,29854.0,30785.0,29400.0,30424.5,119928.773,3624238181.261
1652832000000,30424.5,30692.5,28633.0,28694.0,128724.123,3793072248.2295
1652918400000,28694.0,30551.0,28676.0,30310.0,131705.597,3901345205.059
1653004800000,30310.0,30767.0,28708.0,29185.0,142283.133,4227649741.2165
1653091200000,29185.0,29653.5,28920.5,29420.5,58802.379,1725245651.2305
1653177600000,29420.5,30499.0,29220.5,30269.5,93615.593,2801601764.783
1653264000000,30269.5,30654.5,28839.0,29091.5,144992.554,4346696921.4335
1653350400000,29091.5,29847.0,28659.0,29642.5,116545.415,3408934203.002
1653436800000,29642.5,30213.0,29324.0,29542.0,124169.529,3694088104.2175
1653523200000,29542.0,29878.0,27950.0,29201.0,209437.776,6107011965.2555
1653609600000,29201.0,29381.0,28256.5,28619.0,236017.359,6815751390.991
1653696000000,28619.0,29260.0,28522.0,29018.0,57338.009,1656504943.387
1653782400000,29018.0,29592.0,28838.5,29452.0,65053.906,1900109571.3345
1653868800000,29452.0,32333.0,29289.0,31731.5,161343.155,4955867098.7335
1653955200000,31731.5,32450.0,31216.0,31781.0,109587.476,3479341810.9945
1654041600000,31781.0,31982.5,29291.0,29789.0,167333.758,5142369997.6015
1654128000000,29789.0,30711.0,29558.0,30450.0,106103.11,3188214543.071
1654214400000,30450.0,30698.0,29250.0,29688.0,107008.029,3194510946.5635
1654300800000,29688.0,30000.0,29466.0,29857.0,53366.373,1584721304.835
1654387200000,29857.0,30196.5,29509.5,29901.5,63649.121,1899767174.752
1654473600000,29901.5,31750.0,29871.0,31370.5,160589.274,5010062422.2995
1654560000000,31370.5,31598.0,29119.5,31111.0,244656.354,7410788939.948
1654646400000,31111.0,31319.5,29818.0,30192.0,155647.066,4738547819.9315
1654732800000,30192.0,30694.5,29896.0,30100.0,107363.157,3245996484.5235
1654819200000,30100.0,30376.0,28816.0,29080.5,168313.293,4974516288.465
1654905600000,29080.5,29427.0,28035.0,28420.0,141291.231,4051379850.29
1654992000000,28420.0,28532.0,26550.0,26567.5,208917.068,5755840735.0925
1655078400000,26567.5,26885.0,21909.5,22476.5,564582.376,13675054601.756
1655164800000,22476.5,23450.0,20818.5,22127.5,423285.219,9359034236.326
1655251200000,22127.5,22794.5,20071.0,22574.0,529615.54,11219617402.3355
1655337600000,22574.0,22976.5,20228.0,20385.0,242730.554,5176517754.4225
1655424000000,20385.0,21355.0,20230.0,20454.5,209825.352,4348359829.7045
1655510400000,20454.5,20769.5,17600.0,18964.5,391677.742,7424116971.7
1655596800000,18964.5,20820.0,17953.0,20567.5,371735.95,7204777689.47
1655683200000,20567.5,21125.0,19624.0,20568.0,302417.597,6158094299.267
1655769600000,20568.0,21722.0,20336.0,20715.5,246895.4,5199927134.4745
1655856000000,20715.5,20885.5,19703.0,19980.0,270334.774,5488285900.344
1655942400000,19980.0,21240.0,19861.5,21095.0,219782.656,4521874035.8965
1656028800000,21095.0,21556.5,20728.5,21232.0,219774.264,4638174992.4085
1656115200000,21232.0,21630.0,20900.0,21476.0,142820.521,3036755738.213
1656201600000,21476.0,21880.0,20958.5,21032.0,145666.424,3114819728.3015
1656288000000,21032.0,21580.0,20500.0,20730.5,184703.37,3876164435.9
1656374400000,20730.5,21197.5,20190.0,20273.5,202468.436,4194968952.758
1656460800000,20273.5,20433.0,19820.0,20104.5,204302.193,4109660635.5515
1656547200000,20104.5,20156.5,18601.0,19925.5,312001.872,6001064875.2085
1656633600000,19925.5,21017.5,18938.0,19271.0,313631.306,6161281537.1015
1656720000000,19271.0,19450.0,18960.0,19246.0,126812.293,2438261737.265
1656806400000,19246.0,19638.5,18777.0,19306.0,151515.372,2905095681.133
1656892800000,19306.0,20370.0,19039.0,20220.5,218635.992,4304193044.611
1656979200000,20220.5,20750.0,19262.5,20170.0,321136.243,6410823909.551
1657065600000,20170.0,20666.0,19737.0,20556.5,213468.577,4307667025.7585
1657152000000,20556.5,21818.0,20248.0,21596.0,235064.51,4925294699.8795
1657238400000,21596.0,22600.0,21184.0,21590.0,289375.528,6294780777.7675
1657324800000,21590.0,21980.0,21310.0,21588.0,121382.403,2624476535.1285
1657411200000,21588.0,21597.5,20652.0,20849.0,160482.783,3382677144.5095
1657497600000,20849.0,20851.0,19855.0,19959.5,184038.932,3761009334.5635
1657584000000,19959.5,20046.5,19219.5,19323.5,209788.632,4137822144.2595
1657670400000,19323.5,20346.0,18867.5,20215.5,305252.967,5973630620.2475
1657756800000,20215.5,20899.0,19575.0,20583.0,249702.25,5035121202.725
1657843200000,20583.0,21195.5,20365.0,20822.5,199847.858,4158288424.8435
1657929600000,20822.5,21576.0,20469.5,21190.5,153827.313,3230021298.9725
1658016000000,21190.5,21669.0,20745.0,20799.0,139386.413,2959122989.432
1658102400000,20799.0,22779.5,20763.0,22423.0,301386.114,6617906850.1775
1658188800000,22423.0,23807.5,21582.0,23385.5,349351.714,7923290125.651499
1658275200000,23385.5,24277.0,22872.0,23220.0,309662.888,7303650679.272
1658361600000,23220.0,23428.0,22345.5,23143.5,219452.862,5018860048.5865
1658448000000,23143.5,23765.0,22487.0,22676.5,196533.202,4554678446.996
1658534400000,22676.5,22987.5,21937.0,22434.5,144358.981,3238169332.7795
1658620800000,22434.5,22990.0,22254.5,22573.5,134713.685,3052101390.8855
1658707200000,22573.5,22658.5,21233.0,21301.0,200206.557,4384352605.123
1658793600000,21301.0,21336.0,20691.0,21232.0,161737.374,3397541808.6475
1658880000000,21232.0,23105.0,21040.0,22938.0,224361.134,4927423991.0205
1658966400000,22938.0,24198.0,22582.0,23839.0,233819.245,5456645087.0935
1659052800000,23839.0,24475.0,23418.0,23764.5,187817.931,4485008426.84
1659139200000,23764.5,24695.0,23506.0,23629.5,138136.392,3328160739.0095
1659225600000,23629.5,24182.5,23224.0,23290.5,109755.393,2599636803.3365
1659312000000,23290.5,23490.0,22825.0,23250.0,144307.71,3344408113.681
1659398400000,23250.0,23467.5,22640.5,22972.0,170738.762,3921948497.0195
1659484800000,22972.0,23655.0,22679.5,22813.0,154188.735,3577826543.44
1659571200000,22813.0,23201.0,22350.0,22602.5,160881.926,3670109836.3015
1659657600000,22602.5,23494.0,22575.5,23298.0,172360.838,3979821216.5655
1659744000000,23298.0,23333.0,22894.0,22950.0,59369.978,1374581190.739
1659830400000,22950.0,23388.5,22846.0,23167.0,73142.274,1688423515.8255
1659916800000,23167.0,24236.5,23145.5,23809.5,152556.525,3638036848.0085
1660003200000,23809.5,23910.0,22847.5,23139.0,132114.086,3082436863.42
1660089600000,23139.0,24223.0,22521.0,23940.0,209989.145,4945266380.706
1660176000000,23940.0,24950.0,23850.0,23927.0,209728.839,5120573193.8165
1660262400000,23927.0,24430.0,23557.0,24378.5,133422.141,3195918024.6
1660348800000,24378.5,24867.0,24283.0,24420.0,111639.449,2738684678.622
1660435200000,24420.0,25031.0,24109.0,24290.5,123551.958,3031987316.426
1660521600000,24290.5,25199.0,23760.0,24080.5,215486.838,5245742107.489
1660608000000,24080.5,24227.0,23665.0,23839.0,127320.366,3045033525.4115
1660694400000,23839.0,24436.5,23166.0,23327.0,186551.417,4422850762.675
1660780800000,23327.0,23581.0,23100.0,23188.0,95974.879,2244739588.066
1660867200000,23188.0,23198.0,20754.5,20819.0,312308.071,6782201415.4765
1660953600000,20819.0,21365.0,20730.0,21124.0,153410.543,3240954954.44
1661040000000,21124.0,21780.0,21060.5,21505.5,134458.04,2877974041.983
1661126400000,21505.5,21538.0,20858.0,21382.5,182711.163,3877174265.434
1661212800000,21382.5,21678.5,20885.0,21516.5,169079.107,3614080417.2205
1661299200000,21516.5,21880.0,21138.5,21353.0,153767.897,3303271452.294
1661385600000,21353.0,21810.0,21303.5,21549.5,118494.963,2558748641.045
1661472000000,21549.5,21869.0,20085.0,20230.5,283597.693,5987852670.05
1661558400000,20230.5,20366.0,19761.0,20027.5,134166.864,2693828487.6795
1661644800000,20027.5,20174.0,19511.0,19548.0,108571.351,2164006029.299
1661731200000,19548.0,20430.0,19547.5,20277.5,164936.799,3301490137.9195
1661817600000,20277.5,20569.0,19530.0,19803.5,214009.16,4290328465.2975
1661904000000,19803.5,20499.5,19791.5,20050.5,189156.631,3817718816.4275
1661990400000,20050.5,20197.5,19560.0,20124.5,182842.667,3639940477.8195
1662076800000,20124.5,20428.0,19745.5,19940.5,186555.394,3750124335.3875
1662163200000,19940.5,20043.0,19642.0,19821.5,78200.08,1549411104.79
1662249600000,19821.5,20018.0,19585.0,19986.5,105675.389,2091615561.7305
1662336000000,19986.5,20044.5,19623.0,19780.0,117679.691,2328181377.1265
1662422400000,19780.0,20164.5,18617.0,18782.5,275596.422,5370538559.2085
1662508800000,18782.5,19447.5,18451.0,19287.0,172911.844,3273458410.526
1662595200000,19287.0,19440.0,19010.5,19304.5,164517.702,3163707638.9265
1662681600000,19304.5,21666.0,19284.5,21350.5,320042.613,6627498516.1885
1662768000000,21350.5,21798.0,21113.0,21632.5,132024.899,2828023582.481
1662854400000,21632.5,21879.5,21333.0,21810.0,112941.258,2439528172.8135
1662940800000,21810.0,22488.0,21530.5,22388.5,226110.705,5000804750.579
1663027200000,22388.5,22794.0,19835.0,20164.0,358892.48,7671431481.728499
1663113600000,20164.0,20518.0,19590.5,20220.0,193037.099,3887555995.788
1663200000000,20220.0,20319.0,19472.0,19692.5,184059.145,3668303923.813
1663286400000,19692.5,19878.5,19315.0,19790.5,147291.942,2893660082.3745
1663372800000,19790.5,20176.5,19734.0,20106.0,91064.363,1817316174.938
1663459200000,20106.0,20106.0,19333.0,19408.5,129018.12,2548889502.908
1663545600000,19408.5,19675.0,18110.0,19527.5,295437.829,5603294860.626
1663632000000,19527.5,19626.0,18716.0,18870.0,233982.657,4470774689.0175
1663718400000,18870.0,20045.0,18100.0,18446.5,430812.458,8223976186.640499
1663804800000,18446.5,19518.5,18345.0,19394.5,229285.487,4355056277.3565
1663891200000,19394.5,19486.5,18524.5,19282.0,227015.701,4302731936.141
1663977600000,19282.0,19299.0,18801.5,18911.0,105000.05,2000748772.097
1664064000000,18911.0,19185.0,18620.5,18800.0,112302.887,2126865806.132
1664150400000,18800.0,19318.5,18670.0,19213.5,216929.405,4129383225.2125
1664236800000,19213.5,20383.5,18798.5,19071.0,368927.438,7258993692.0285
1664323200000,19071.0,19791.0,18453.0,19407.0,323115.662,6177148673.2185
1664409600000,19407.0,19638.5,18831.0,19579.5,311643.49,6019271984.1995
1664496000000,19579.5,20165.0,19135.5,19409.5,303098.895,5934451158.3365
1664582400000,19409.5,19473.5,19150.5,19302.5,80900.681,1561719816.582
1664668800000,19302.5,19385.5,18890.5,19054.0,115315.295,2210107052.234
1664755200000,19054.0,19720.0,18947.0,19617.5,182102.476,3523789432.945
1664841600000,19617.5,20451.0,19482.5,20326.5,234197.54,4681309243.5585
1664928000000,20326.5,20354.5,19734.5,20149.0,215159.621,4317952466.383
1665014400000,20149.0,20435.0,19836.5,19954.5,222333.898,4476645331.264
1665100800000,19954.5,20078.0,19318.0,19517.5,209138.036,4116605688.8985
1665187200000,19517.5,19614.0,19175.0,19405.0,75088.164,1459763820.5465
1665273600000,19405.0,19552.0,19300.0,19436.5,76579.537,1488752811.265
1665360000000,19436.5,19522.5,18973.5,19122.5,159511.397,3073032849.5535
1665446400000,19122.5,19258.0,18850.0,19052.5,164548.635,3136114063.66
1665532800000,19052.5,19227.5,18949.5,19148.0,108026.384,2063525254.024
1665619200000,19148.0,19522.0,18071.0,19366.0,351066.681,6600104786.485
1665705600000,19366.0,19944.0,19061.0,19171.5,218232.252,4262707464.2435
1665792000000,19171.5,19216.5,18962.0,19063.0,63382.764,1211427646.913
1665878400000,19063.0,19411.0,19062.5,19252.5,73765.565,1417287453.051
1665964800000,19252.5,19668.0,19144.5,19540.0,145940.45,2838517772.214
1666051200000,19540.0,19694.0,19080.0,19320.5,181913.401,3534559136.274
1666137600000,19320.5,19345.0,19061.0,19121.5,121991.782,2341125227.4515
1666224000000,19121.5,19345.0,18865.0,19041.5,159295.121,3045001250.7155
1666310400000,19041.5,19247.0,18621.5,19153.0,164389.181,3123272022.796
1666396800000,19153.0,19239.5,19102.0,19189.5,41575.307,797065799.898
1666483200000,19189.5,19683.5,19050.0,19559.0,95538.339,1851120824.423
1666569600000,19559.0,19590.0,19155.0,19317.0,127421.933,2463333734.801
1666656000000,19317.0,20400.0,19223.5,20067.0,225625.032,4473972575.128
1666742400000,20067.0,21009.0,20041.0,20756.0,231429.972,4771545054.5725
1666828800000,20756.0,20861.5,20182.5,20283.0,174645.009,3590444935.6805
1666915200000,20283.0,20738.0,19963.0,20585.0,167248.893,3403155218.802
1667001600000,20585.0,21100.0,20551.0,20795.0,127835.2,2659972816.1705
1667088000000,20795.0,20920.0,20500.0,20613.5,73792.511,1527030629.4215
1667174400000,20613.5,20832.0,20222.0,20480.0,133753.094,2741806576.2715
1667260800000,20480.0,20689.0,20318.0,20472.5,84949.959,1740792765.6605
1667347200000,20472.5,20789.0,20051.5,20143.5,181631.672,3709493890.152
1667433600000,20143.5,20382.0,20013.5,20199.5,96388.681,1949390267.2275
1667520000000,20199.5,21293.5,20175.0,21132.0,220464.945,4581294407.33
1667606400000,21132.0,21470.0,21068.0,21290.5,82840.951,1766204289.6185
1667692800000,21290.5,21345.0,20874.5,20904.0,76315.126,1615186425.09
1667779200000,20904.0,21062.5,20365.0,20582.5,150294.233,3117367306.9895
1667865600000,20582.5,20672.0,16800.0,18537.0,699512.438,13371430152.193
1667952000000,18537.0,18578.0,15460.5,15891.5,558721.094,9588367248.6305
1668038400000,15891.5,18191.0,15697.5,17594.0,399524.126,6826461801.9365
1668124800000,17594.0,17673.5,16310.0,17052.0,272649.351,4640639547.5055
1668211200000,17052.0,17103.5,16624.5,16804.0,83551.459,1406889607.627
1668297600000,16804.0,16943.5,16222.0,16330.5,95510.435,1584217568.446
1668384000000,16330.5,17213.0,15802.5,16607.5,276275.735,4557215036.166
1668470400000,16607.5,17160.0,16515.5,16878.0,181155.602,3049339793.449
1668556800000,16878.0,17011.0,16367.0,16643.0,140983.363,2346359122.6995
1668643200000,16643.0,16739.5,16400.0,16688.5,102872.23,1705714231.946
1668729600000,16688.5,16997.0,16541.5,16700.0,104046.598,1742543739.159
1668816000000,16700.0,16799.0,16551.0,16688.0,43365.1,722417344.0134999
1668902400000,16688.0,16739.5,16180.0,16273.5,93939.768,1549093515.238
1668988800000,16273.5,16789.0,15440.0,15765.5,227818.724,3639865973.425
1669075200000,15765.5,16300.0,15620.0,16218.5,161518.212,2582368814.4895
1669161600000,16218.5,16710.5,16154.5,16589.0,155912.474,2569588904.4085
1669248000000,16589.0,16810.0,16450.0,16594.5,95732.129,1589477609.7755
1669334400000,16594.5,16646.0,16339.0,16510.5,79584.532,1311824306.555
1669420800000,16510.5,16685.0,16376.5,16449.0,63440.9,1050043190.617
1669507200000,16449.0,16588.5,16401.0,16426.0,45324.673,748788845.468
1669593600000,16426.0,16477.0,15985.0,16206.0,155591.767,2520708911.9815
1669680000000,16206.0,16547.0,16096.5,16427.0,118283.979,1940275045.3565
1669766400000,16427.0,17270.0,16418.0,17146.5,179218.274,3027898282.8665
1669852800000,17146.5,17390.0,16850.0,16972.5,115491.538,1969736784.864
1669939200000,16972.5,17100.0,16769.0,17083.5,99441.59,1684912323.047
1670025600000,17083.5,17150.0,16855.0,16881.0,55577.335,943081116.897
1670112000000,16881.0,17195.0,16880.5,17096.0,76561.758,1304181954.313
1670198400000,17096.0,17425.5,16867.0,16966.0,139606.62,2396592013.6895
1670284800000,16966.0,17116.5,16903.5,17081.5,80065.833,1360607954.288
1670371200000,17081.5,17135.0,16666.5,16823.0,86069.542,1450139255.973
1670457600000,16823.0,17286.0,16702.5,17209.5,112023.483,1904194633.941
1670544000000,17209.5,17348.0,17045.0,17116.0,77124.718,1324719493.879
1670630400000,17116.0,17219.5,17086.0,17121.0,32090.751,550387137.758
1670716800000,17121.0,17261.5,17060.0,17078.0,37999.728,651630428.687
1670803200000,17078.0,17234.5,16870.0,17194.0,98693.27,1679393152.5005
1670889600000,17194.0,18000.0,17060.0,17764.5,189951.138,3340700443.2545
1670976000000,17764.5,18379.0,17514.0,17790.0,214192.682,3844628970.548
1671062400000,17790.0,17830.5,17262.0,17353.5,126228.838,2211308115.351
1671148800000,17353.5,17530.0,16532.5,16634.0,198399.798,3370100854.784
1671235200000,16634.0,16792.5,16574.5,16770.5,61679.368,1029349655.156
1671321600000,16770.5,16900.0,16656.0,16729.5,52565.046,879894523.9405
1671408000000,16729.5,16805.0,16203.0,16432.5,106830.579,1772946811.2505
1671494400000,16432.5,17054.0,16388.0,16890.0,142816.376,2399144525.197
1671580800000,16890.0,16918.5,16710.0,16822.0,66481.455,1118079275.4055
1671667200000,16822.0,16890.0,16560.5,16832.5,89747.342,1501650968.7615
1671753600000,16832.5,16990.0,16705.0,16785.0,71752.974,1207943915.461
1671840000000,16785.0,16859.0,16785.0,16828.5,18763.85,315712101.4595
1671926400000,16828.5,16853.5,16713.5,16825.0,36886.58,619635243.531
1672012800000,16825.0,16937.5,16783.0,16911.0,38688.925,651945462.62
1672099200000,16911.0,16961.0,16587.0,16709.0,75010.438,1257826283.6305
1672185600000,16709.0,16778.0,16469.5,16546.5,100333.293,1668062303.3145
1672272000000,16546.5,16665.0,16490.0,16642.0,60469.75,1003510737.4255
1672358400000,16642.0,16725.0,16353.0,16620.5,88014.6,1454810983.5795
1672444800000,16620.5,16650.5,16480.5,16549.5,39283.915,651402184.394
1672531200000,16549.5,16631.0,16511.0,16622.5,24943.016,413344041.8945
1672617600000,16622.5,16799.0,16552.0,16668.0,64844.907,1082761028.0205
1672704000000,16668.0,16774.0,16605.0,16670.0,65314.938,1089751727.1025
1672790400000,16670.0,16988.0,16652.0,16847.5,107056.584,1802658949.049
1672876800000,16847.5,16873.5,16747.0,16826.0,49374.574,830347501.4574999
1672963200000,16826.0,17031.5,16675.0,16940.0,95139.388,1600852208.158
1673049600000,16940.0,16974.0,16904.0,16938.0,18890.73,319820967.496
1673136000000,16938.0,17190.0,16907.0,17119.5,48890.622,830806301.929
1673222400000,17119.5,17385.0,17094.0,17173.5,108098.728,1862765854.615
1673308800000,17173.5,17480.5,17138.5,17430.5,85649.811,1483162871.5855
1673395200000,17430.5,18031.0,17309.5,17929.0,111579.23,1958457304.2015
1673481600000,17929.0,19133.5,17896.0,18820.0,296184.86,5452981211.363
1673568000000,18820.0,20013.5,18692.0,19909.0,235525.164,4542919906.409
1673654400000,19909.0,21550.0,19869.5,20952.5,326866.984,6789893946.5025
1673740800000,20952.5,21066.0,20555.0,20878.0,118541.184,2464547068.1815
1673827200000,20878.0,21488.0,20600.0,21179.0,207040.534,4360681633.548
1673913600000,21179.0,21626.5,20824.5,21118.0,161002.365,3414586937.8015
1674000000000,21118.0,21673.0,20385.0,20674.0,274076.351,5764592845.6755
1674086400000,20674.0,21173.5,20645.0,21058.5,120207.752,2509130259.352
1674172800000,21058.5,22780.0,20853.0,22656.5,224304.43,4853369368.6175
1674259200000,22656.5,23381.0,22413.0,22781.5,228138.206,5233052374.838
1674345600000,22781.5,23083.0,22277.0,22703.5,138759.901,3155418536.4815
1674432000000,22703.5,23187.0,22459.5,22908.5,167008.427,3814594325.6745
1674518400000,22908.5,23165.5,22451.0,22631.0,149058.582,3410870421.7225
1674604800000,22631.0,23875.0,22319.0,23056.5,217704.47,4984330211.54
1674691200000,23056.5,23289.5,22850.5,23005.5,118456.82,2730267644.29
1674777600000,23005.5,23515.5,22523.0,23066.0,156010.669,3591327453.4125
1674864000000,23066.0,23193.0,22874.0,23022.0,44468.238,1023166163.2745
1674950400000,23022.0,23966.0,22962.0,23737.5,153694.093,3612952190.0755
1675036800000,23737.5,23799.5,22480.5,22830.5,177328.745,4097042155.019
1675123200000,22830.5,23375.0,22723.0,23130.0,117969.48,2713521388.465
1675209600000,23130.0,23866.0,22755.0,23729.5,167442.623,3893625198.2845
1675296000000,23729.5,24280.0,23360.0,23495.5,183609.406,4375369902.1635
1675382400000,23495.5,23723.0,23203.0,23433.5,118629.253,2782902043.51
1675468800000,23433.5,23587.5,23260.5,23323.5,47655.117,1115289656.949
1675555200000,23323.5,23434.5,22760.0,22934.0,96929.849,2237306439.568
1675641600000,22934.0,23165.0,22612.5,22763.5,102631.632,2349669091.5095
1675728000000,22763.5,23363.0,22749.5,23244.5,123637.716,2848507284.3645
1675814400000,23244.5,23462.5,22669.0,22959.0,103272.766,2377438172.117
1675900800000,22959.0,23011.0,21698.0,21802.0,205064.908,4581210558.543
1675987200000,21802.0,21939.5,21431.1,21624.2,126276.354,2742615991.8549
1676073600000,21624.2,21890.0,21602.5,21847.1,52099.136,1131103724.3601
1676160000000,21847.1,22079.0,21625.3,21776.9,78110.435,1707507588.9157
1676246400000,21776.9,21887.0,21327.5,21768.0,129526.994,2801223867.0641
1676332800000,21768.0,22310.7,21514.2,22184.1,178668.135,3919136665.9131
1676419200000,22184.1,24428.9,22032.0,24330.3,250860.078,5808725359.147
1676505600000,24330.3,25296.1,23505.0,23515.5,286770.916,7046553002.1884
1676592000000,23515.5,25043.9,23340.0,24578.0,285178.286,6883618742.5789
1676678400000,24578.0,24886.6,24427.4,24637.9,80547.124,1983493608.6374
1676764800000,24637.9,25197.5,24168.8,24266.9,157719.502,3889843124.8681
1676851200000,24266.9,25149.6,23816.7,24853.5,182022.465,4490657723.0957
1676937600000,24853.5,25295.0,24152.0,24455.5,207542.391,5117621335.5789
1677024000000,24455.5,24476.0,23570.3,24180.2,205335.381,4922122712.9251
1677110400000,24180.2,24602.9,23590.5,23936.4,205216.569,4938993866.4704
1677196800000,23936.4,24130.0,22800.0,23185.1,197117.907,4623706697.7721
1677283200000,23185.1,23212.8,22712.3,23154.8,81103.536,1865580631.899
1677369600000,23154.8,23685.7,23060.1,23548.3,104193.601,2432141542.9591
1677456000000,23548.3,23889.0,23083.8,23484.1,158482.927,3720091263.7793
1677542400000,23484.1,23592.9,23010.0,23129.9,120864.711,2821616351.4581
1677628800000,23129.9,24028.4,23015.0,23630.0,174329.331,4117360651.6267
1677715200000,23630.0,23788.2,23186.4,23462.5,108167.574,2532181221.8876
1677801600000,23462.5,23469.9,21905.0,22345.8,190990.043,4281190469.5501
1677888000000,22345.8,22394.8,22152.0,22336.6,45459.139,1013653605.756
1677974400000,22336.6,22672.9,22173.0,22419.0,72836.932,1633583086.6181
1678060800000,22419.0,22594.7,22234.4,22398.5,75489.874,1692261008.0076
1678147200000,22398.5,22541.2,21919.0,22188.9,153476.577,3411630936.9025
1678233600000,22188.9,22280.0,21559.0,21702.0,159996.985,3517722602.3172
1678320000000,21702.0,21837.5,20016.0,20355.6,292958.451,6157356157.8838
1678406400000,20355.6,20358.1,19535.0,20141.4,359581.663,7172793273.1791
1678492800000,20141.4,20671.2,19760.0,20450.1,189705.16,3837788916.8524
1678579200000,20450.1,22139.0,20260.9,21978.9,244700.456,5145954708.1153
1678665600000,21978.9,24560.0,21804.0,24112.2,414361.488,9575542086.4036
1678752000000,24112.2,26500.0,23966.0,24684.7,476325.135,11936024641.4317
1678838400000,24684.7,25211.0,23868.1,24284.9,306935.436,7547672739.184099
1678924800000,24284.9,25175.0,24123.2,24989.2,201971.596,4989955300.7134
1679011200000,24989.2,27766.0,24878.6,27382.2,407579.872,10770697511.7899
1679097600000,27382.2,27720.0,26555.0,26898.2,198268.054,5403574171.133
1679184000000,26898.2,28417.1,26816.2,27962.1,215409.683,5956281052.0048
1679270400000,27962.1,28480.0,27123.0,27703.6,251285.843,6997766227.8116
1679356800000,27703.6,28471.0,27292.2,28090.0,189724.09,5299665860.1813
1679443200000,28090.0,28897.0,26583.4,27233.8,319885.014,8940862673.1834
1679529600000,27233.8,28780.0,27103.5,28278.0,238795.344,6673603396.2837
1679616000000,28278.0,28353.2,26956.0,27437.2,198482.434,5519605986.3292
1679702400000,27437.2,27787.5,27132.0,27444.9,98602.968,2708059174.3894
1679788800000,27444.9,28196.7,27402.4,27951.6,107214.999,2980649722.5608
1679875200000,27951.6,28010.0,26474.3,27108.3,184006.017,5021126445.4683
1679961600000,27108.3,27497.0,26611.0,27243.5,165746.782,4478318422.9006
1680048000000,27243.5,28644.5,27220.0,28330.0,194113.38,5467535661.255
1680134400000,28330.0,29197.2,27650.0,28008.1,235499.793,6679349074.5265
1680220800000,28008.1,28675.1,27486.6,28452.1,178252.438,5025105883.8314
1680307200000,28452.1,28838.6,28182.5,28435.1,75890.103,2160000129.7015
1680393600000,28435.1,28525.0,27822.8,28155.9,95661.658,2695490000.3492
1680480000000,28155.9,28550.0,27175.0,27788.7,203626.196,5690446928.6774
1680566400000,27788.7,28438.4,27648.2,28149.7,125456.94,3525060144.8336
1680652800000,28149.7,28797.1,27777.2,28154.7,164775.784,4665558840.7855
1680739200000,28154.7,28173.5,27670.0,28022.1,104171.182,2913129069.9974
1680825600000,28022.1,28094.1,27755.0,27884.2,64473.991,1799034557.6456
1680912000000,27884.2,28164.2,27846.0,27929.7,45982.113,1286645219.2955
1680998400000,27929.7,28524.4,27764.0,28309.7,81710.173,2294136814.3606
1681084800000,28309.7,29864.0,28136.6,29628.1,180407.572,5213714179.5604
1681171200000,29628.1,30560.5,29579.5,30179.0,185394.716,5581897536.2089
1681257600000,30179.0,30480.0,29630.0,29871.0,164493.656,4940504165.8052
1681344000000,29871.0,30600.0,29845.0,30366.2,123189.922,3727793643.8075
1681430400000,30366.2,31061.7,29936.0,30438.2,185362.931,5662823330.6901
1681516800000,30438.2,30583.0,30180.0,30293.7,48487.911,1471776862.9572
1681603200000,30293.7,30565.4,30114.0,30295.9,62834.89,1904768578.5903
1681689600000,30295.9,30308.3,29219.0,29421.8,131797.284,3906415738.0434
1681776000000,29421.8,30500.0,29060.0,30382.5,168836.112,5066297588.3953
1681862400000,30382.5,30416.2,28555.0,28797.1,233029.079,6834070247.6246
1681948800000,28797.1,29082.8,27981.4,28235.6,204139.68,5828886918.4245
1682035200000,28235.6,28368.0,27058.0,27253.2,203409.469,5660228740.29
1682121600000,27253.2,27880.4,27130.0,27799.2,94647.996,2599832312.5033
1682208000000,27799.2,27800.0,27302.2,27572.8,95424.25,2628771836.1325
1682294400000,27572.8,27989.0,26933.0,27493.1,177761.372,4877450310.8668
1682380800000,27493.1,28388.0,27181.1,28277.3,159357.87,4406956597.3001
1682467200000,28277.3,30062.0,27200.0,28401.9,409222.474,11757773621.2382
1682553600000,28401.9,29883.5,28368.8,29458.2,291124.269,8489089570.583501
1682640000000,29458.2,29593.8,28870.0,29296.1,141389.093,4136619101.7758
1682726400000,29296.1,29427.9,29010.1,29211.9,55671.796,1629073994.7661
1682812800000,29211.9,29955.0,29074.8,29217.0,128685.213,3793737222.6186
1682899200000,29217.0,29328.4,27640.1,28051.2,215807.644,6113401901.019
1682985600000,28051.2,28869.0,27860.0,28655.1,167931.582,4761864352.7433
1683072000000,28655.1,29262.8,28069.1,29014.0,204523.419,5838404692.569
1683158400000,29014.0,29384.2,28631.2,28818.9,122034.083,3535694049.0869
1683244800000,28818.9,29674.0,28750.0,29495.2,160414.187,4691247533.5212
1683331200000,29495.2,29833.0,28325.0,28833.3,126536.839,3670661465.6422
1683417600000,28833.3,29129.3,28370.0,28413.9,89240.279,2572795074.7519
1683504000000,28413.9,28615.0,27250.0,27653.4,185923.051,5177694021.2952
1683590400000,27653.4,27810.6,27333.3,27618.3,93377.287,2575524595.1843
1683676800000,27618.3,28293.0,26700.0,27577.3,219063.045,6060692158.4759
1683763200000,27577.3,27618.0,26650.0,26955.1,147930.236,4018396768.1894
1683849600000,26955.1,27078.9,25764.0,26779.3,177401.598,4685360473.8752
1683936000000,26779.3,27036.5,26675.9,26767.1,62182.888,1667726653.5212
1684022400000,26767.1,27198.6,26534.3,26903.0,64099.088,1723485752.83
1684108800000,26903.0,27648.0,26700.2,27148.4,127797.989,3490306600.7965
1684195200000,27148.4,27288.0,26818.0,27020.4,99848.543,2700732408.8792
1684281600000,27020.4,27565.2,26501.4,27388.8,139421.967,3760642697.8606
1684368000000,27388.8,27474.6,26341.3,26803.6,143376.906,3875650643.0815
1684454400000,26803.6,27172.9,26602.7,26868.8,84425.789,2268630494.2035
1684540800000,26868.8,27134.0,26816.2,27089.1,46923.679,1264665957.693
1684627200000,27089.1,27282.1,26653.8,26734.3,72095.706,1942824638.9011
1684713600000,26734.3,27099.3,26510.0,26834.7,88574.073,2375550628.8349
1684800000000,26834.7,27495.6,26787.6,27209.9,99823.63,2718362458.8575
1684886400000,27209.9,27210.0,26050.0,26311.0,152435.578,4041733543.8742
1684972800000,26311.0,26627.4,25851.0,26456.6,109571.79,2879447652.5232
1685059200000,26456.6,26929.9,26306.8,26695.0,93122.758,2477370418.4352
1685145600000,26695.0,26897.6,26530.0,26838.5,41300.823,1103041088.5726
1685232000000,26838.5,28280.0,26751.7,28049.9,130592.359,3587769686.277
1685318400000,28049.9,28449.0,27510.0,27722.0,113056.196,3153252830.0948
1685404800000,27722.0,28036.7,27529.0,27681.2,97040.171,2696239442.6669
1685491200000,27681.2,27824.0,26817.0,27199.0,125541.458,3408513089.6846
1685577600000,27199.0,27343.4,26584.6,26809.5,115697.383,3111011541.6128
1685664000000,26809.5,27293.4,26480.7,27238.1,100564.807,2716292534.8295
1685750400000,27238.1,27324.9,26905.9,27059.1,40069.811,1087258326.911
1685836800000,27059.1,27450.0,26946.4,27105.5,53020.356,1441799409.6392
1685923200000,27105.5,27116.5,25361.5,25717.2,210223.933,5505168363.7159
1686009600000,25717.2,27356.7,25324.2,27216.9,214006.233,5624667974.1601
1686096000000,27216.9,27397.0,26115.4,26323.4,168132.234,4475077748.5897
1686182400000,26323.4,26810.5,26190.3,26485.1,89449.588,2368531561.0617
1686268800000,26485.1,26770.0,26260.0,26466.9,74833.089,1984628404.0527
1686355200000,26466.9,26527.7,25334.0,25826.1,172772.677,4455332791.3724
1686441600000,25826.1,26196.8,25615.9,25915.1,68127.773,1762498864.1689
1686528000000,25915.1,26095.0,25603.8,25895.3,82674.703,2137309689.4964
1686614400000,25895.3,26420.0,25708.1,25920.5,123173.171,3207407989.7528
1686700800000,25920.5,26098.4,24779.5,25113.9,141042.411,3599141653.5987
1686787200000,25113.9,25750.0,24780.0,25585.9,125901.969,3173525288.6446
1686873600000,25585.9,26500.0,25155.0,26325.2,165069.685,4268827209.0739
1686960000000,26325.2,26886.8,26164.6,26505.0,90080.151,2389027318.7239
1687046400000,26505.0,26698.0,26232.0,26333.5,63645.199,1685831377.1065
1687132800000,26333.5,27063.8,26250.0,26827.4,123894.548,3295780518.1955
1687219200000,26827.4,28390.8,26642.1,28286.0,236691.39,6497321290.16
1687305600000,28286.0,30800.0,28240.0,29985.7,345871.952,10209360803.4571
1687392000000,29985.7,30497.6,29503.4,29876.4,163751.947,4917856484.9114
1687478400000,29876.4,31444.0,29785.3,30674.1,236934.44,7268742842.724
1687564800000,30674.1,30797.9,30248.1,30528.0,82158.401,2511592258.6334
1687651200000,30528.0,31042.1,30260.0,30460.1,88353.341,2706715219.6808
1687737600000,30460.1,30649.6,29917.0,30262.2,123800.395,3745593356.01
1687824000000,30262.2,30997.0,30217.1,30680.7,127463.236,3900764900.1707
1687910400000,30680.7,30694.7,29817.0,30057.9,132003.222,3989396164.3963
1687996800000,30057.9,30830.0,30027.8,30433.7,110257.392,3360895348.1473
1688083200000,30433.7,31291.9,29412.8,30465.5,291232.745,8868350353.128
1688169600000,30465.5,30650.0,30312.0,30577.0,36817.47,1123203899.9337
1688256000000,30577.0,30790.0,30138.4,30601.9,70308.258,2145330670.8718
1688342400000,30601.9,31399.4,30541.6,31149.1,113015.607,3497305916.2646
1688428800000,31149.1,31319.2,30602.8,30754.1,87302.891,2702764473.1486
1688515200000,30754.1,30869.1,30176.6,30485.3,97126.987,2960374631.6854
1688601600000,30485.3,31543.1,29810.1,29875.1,220337.957,6741087062.6485
1688688000000,29875.1,30445.6,29675.1,30331.5,96393.334,2905840190.9896
1688774400000,30331.5,30377.1,30025.0,30271.3,33141.839,1001097146.0501
1688860800000,30271.3,30451.0,30052.0,30150.0,41440.397,1253744513.3903
1688947200000,30150.0,31035.5,29927.5,30399.1,127048.465,3861196943.7386
1689033600000,30399.1,30811.2,30251.5,30602.9,90087.889,2749091027.7292
1689120000000,30602.9,30962.2,30185.0,30367.8,127328.391,3898662201.2371
1689206400000,30367.8,31843.9,30236.9,31437.3,202379.301,6275580830.3145
1689292800000,31437.3,31635.1,29873.0,30294.8,153945.22,4732575969.565
1689379200000,30294.8,30384.0,30221.3,30268.6,22549.744,683139643.731
1689465600000,30268.6,30445.4,30038.2,30221.4,43918.438,1328749649.3135
1689552000000,30221.4,30318.8,29610.0,30120.0,98500.359,2960409996.3955
1689638400000,30120.0,30224.6,29362.0,29851.0,99281.505,2963548152.0689
1689724800000,29851.0,30189.9,29734.6,29888.8,81094.954,2429854456.578
1689811200000,29888.8,30407.0,29488.1,29792.9,122604.403,3672003277.7865
1689897600000,29792.9,30050.0,29710.9,29888.4,51522.658,1538148862.9397
1689984000000,29888.4,29992.3,29608.6,29774.0,30845.81,920133596.0501
1690070400000,29774.0,30330.0,29717.0,30071.1,56514.794,1696034369.1711
1690156800000,30071.1,30084.0,28851.0,29158.9,122850.688,3600900051.1665
1690243200000,29158.9,29367.0,29026.7,29217.2,49872.827,1455633825.0969
1690329600000,29217.2,29665.1,29076.0,29336.7,93748.884,2751060596.6898
1690416000000,29336.7,29552.6,29069.4,29209.6,61428.23,1800756371.6629
1690502400000,29209.6,29545.8,29111.2,29299.8,68921.424,2019546148.2378
1690588800000,29299.8,29396.9,29242.4,29340.3,20478.286,600270114.8896
1690675200000,29340.3,29444.9,29000.4,29273.1,52491.289,1535754099.9567
1690761600000,29273.1,29520.0,29100.0,29224.4,71733.419,2102614135.8723
1690848000000,29224.4,29727.6,28555.6,29700.1,153844.83,4467206955.1598
1690934400000,29700.1,30040.0,28901.6,29169.8,152586.221,4489297997.4171
1691020800000,29169.8,29433.0,28951.0,29177.6,83576.214,2440332342.3272
1691107200000,29177.6,29320.0,28788.0,29102.5,71456.175,2080074294.8689
1691193600000,29102.5,29140.7,28970.3,29055.9,21049.336,611459150.0923
1691280000000,29055.9,29195.0,28980.0,29075.7,24619.687,715862422.666
1691366400000,29075.7,29290.0,28677.1,29200.0,89115.397,2584623443.3063
1691452800000,29200.0,30265.8,29126.4,29755.1,161151.519,4774212379.7127
1691539200000,29755.1,30129.0,29364.6,29565.8,125656.267,3734447979.2159
1691625600000,29565.8,29732.3,29308.8,29441.4,75390.971,2224975076.9196
1691712000000,29441.4,29573.0,29215.1,29413.9,59907.295,1762088712.0247
1691798400000,29413.9,29469.0,29371.2,29417.8,14803.515,435437192.5482
1691884800000,29417.8,29463.8,29266.6,29301.3,24728.64,726325450.52
1691971200000,29301.3,29680.0,29080.0,29422.6,91780.557,2699607516.2391
1692057600000,29422.6,29496.1,29049.7,29194.4,58347.303,1708911478.6371
1692144000000,29194.4,29258.7,28714.1,28727.8,98336.234,2856313972.6675
1692230400000,28727.8,28780.0,24200.9,26610.1,358194.266,9796808419.3312
1692316800000,26610.1,26820.0,25572.9,26040.5,183621.321,4809396819.7104
1692403200000,26040.5,26263.3,25785.7,26088.8,64301.32,1672687739.8096
1692489600000,26088.8,26307.0,25940.2,26176.5,50738.24,1325109502.0931
1692576000000,26176.5,26279.7,25794.2,26112.9,82183.661,2138719355.8967
1692662400000,26112.9,26127.4,25267.3,26044.0,118180.893,3054563472.8489
1692748800000,26044.0,26823.8,25801.0,26422.9,152407.643,4004699107.3905
1692835200000,26422.9,26573.6,25834.0,26161.6,109799.866,2877537696.7115
1692921600000,26161.6,26301.3,25755.0,26045.9,104937.761,2730966889.1731
1693008000000,26045.9,26115.0,25974.3,26008.5,24080.421,626920768.4955
1693094400000,26008.5,26170.0,25957.3,26085.4,53404.483,1391706882.6304
1693180800000,26085.4,26243.5,25842.0,26102.4,79527.366,2070158788.9095
1693267200000,26102.4,28140.8,25910.9,27702.6,276545.164,7530797181.2863
1693353600000,27702.6,27756.2,26969.5,27282.7,122130.804,3334714060.04
1693440000000,27282.7,27627.5,25627.2,25924.1,230575.976,6116726550.3704
1693526400000,25924.1,26145.0,25305.4,25793.7,148689.968,3830517039.082
1693612800000,25793.7,25975.0,25742.5,25857.7,33745.877,871572007.4666
1693699200000,25857.7,26133.0,25783.0,25959.9,47583.256,1234235741.6205
1693785600000,25959.9,26089.0,25616.3,25811.9,65625.431,1695988201.7713
1693872000000,25811.9,25900.0,25542.0,25781.9,60842.836,1565098519.923
1693958400000,25781.9,26052.4,25342.4,25749.5,93493.249,2401426407.1948
1694044800000,25749.5,26450.0,25601.7,26245.2,99199.976,2578173332.5261
1694131200000,26245.2,26436.3,25631.9,25896.9,92708.169,2408461411.1495
1694217600000,25896.9,25939.8,25784.8,25889.7,17249.297,446122956.6059
1694304000000,25889.7,26020.0,25543.1,25826.4,55650.038,1435018130.4767
1694390400000,25826.4,25890.0,24853.4,25154.7,172002.657,4355505884.6437
1694476800000,25154.7,26584.0,25122.0,25825.0,219432.334,5694332535.2276
1694563200000,25825.0,26397.0,25740.5,26207.8,126346.889,3298828903.4103
1694649600000,26207.8,26863.2,26105.5,26510.0,128898.613,3415713966.3505
1694736000000,26510.0,26890.9,26204.8,26588.9,93787.138,2485053914.1276
1694822400000,26588.9,26765.4,26430.0,26550.0,41608.69,1104773651.312
1694908800000,26550.0,26609.3,26380.0,26514.6,33314.109,882787603.7221
1694995200000,26514.6,27400.0,26350.3,26749.3,184832.863,4978997730.3805
1695081600000,26749.3,27484.9,26651.1,27193.0,152346.585,4134514448.4596
1695168000000,27193.0,27383.1,26710.5,27110.6,129859.238,3517385966.2354
1695254400000,27110.6,27149.9,26363.0,26554.5,132916.233,3548554441.7792
1695340800000,26554.5,26732.9,26455.3,26565.7,55278.125,1470519674.7242
1695427200000,26565.7,26620.0,26496.1,26565.6,15215.509,404189897.7136
1695513600000,26565.6,26724.9,26079.0,26232.9,52046.107,1376155093.0621
1695600000000,26232.9,26437.0,25971.3,26287.5,103955.422,2722911571.6798
1695686400000,26287.5,26382.5,26075.6,26207.4,64863.984,1700119068.5129
1695772800000,26207.4,26838.7,26087.5,26359.5,137145.594,3624261854.227
1695945600000,27010.7,27238.9,26641.0,26894.7,105074.223,2830366251.8437
1696032000000,26894.7,27082.0,26876.2,26953.5,27217.005,733983297.0825
1696118400000,26953.5,28350.0,26942.9,27979.0,92312.113,2539825526.5593
1696204800000,27979.0,28591.7,27253.6,27484.1,230561.084,6464720379.4884
1696291200000,27484.1,27662.0,27150.5,27413.2,105579.967,2895036422.9711
1696377600000,27413.2,27825.0,27175.6,27764.7,109483.596,3013819936.0836
1696464000000,27764.7,28115.0,27336.6,27397.3,138162.855,3824597664.3841
1696550400000,27397.3,28285.0,27132.0,27912.5,169373.774,4690417625.645
1696636800000,27912.5,28020.8,27817.5,27942.3,36960.951,1031568952.7547
1696723200000,27942.3,28077.7,27665.1,27899.0,60590.687,1689228513.0056
1696809600000,27899.0,27971.5,27250.0,27579.2,127589.173,3515633960.112
1696896000000,27579.2,27721.7,27282.3,27378.0,97856.074,2687780705.9406
1696982400000,27378.0,27465.4,26523.0,26865.5,164050.793,4421165371.8885
1697068800000,26865.5,26932.0,26540.1,26746.4,83182.287,2223943068.5571
1697155200000,26746.4,27120.1,26670.2,26846.7,94437.728,2536370019.5043
1697241600000,26846.7,26978.8,26780.0,26841.6,24675.898,663208238.7358
1697328000000,26841.6,27283.1,26800.0,27139.3,58245.981,1574580429.2453
1697414400000,27139.3,30625.8,27098.0,28480.9,367390.427,10411193399.5936
1697500800000,28480.9,28600.0,28026.0,28380.7,117600.787,3334895536.6821
1697587200000,28380.7,28993.7,28125.0,28309.1,115382.253,3283034624.2223
1697673600000,28309.1,28922.1,28074.0,28696.9,124173.792,3544393612.4373
1697760000000,28696.9,30260.0,28555.6,29652.7,213127.039,6285962238.2773
1697846400000,29652.7,30382.0,29450.3,29891.6,100368.078,3001302680.4572
1697932800000,29891.6,30321.0,29605.9,29978.7,78161.779,2337862568.1125
1698019200000,29978.7,36743.5,29875.0,33092.9,397499.899,12576797402.4785
1698105600000,33092.9,35299.9,32843.3,33935.8,318075.969,10850154732.0706
1698192000000,33935.8,35184.8,33685.0,34505.0,182268.981,6277178201.7291
1698278400000,34505.0,34845.1,33751.0,34166.1,120771.122,4139243186.5319
1698364800000,34166.1,34276.3,33350.0,33911.0,106620.956,3616224865.9463
1698451200000,33911.0,34592.7,33881.0,34097.4,54426.813,1858806789.3522
1698537600000,34097.4,34795.0,33936.1,34535.8,64826.587,2232426800.0183
1698624000000,34535.8,34913.2,34026.4,34501.6,100478.788,3463482158.5895
1698710400000,34501.6,34761.0,34041.4,34667.1,94084.316,3236108458.4683
1698796800000,34667.1,35749.8,34058.0,35442.4,196036.327,6819721452.219
1698883200000,35442.4,36084.2,34295.7,34958.5,188074.069,6606207018.2113
1698969600000,34958.5,34959.7,34131.7,34720.1,159625.647,5508892755.7499
1699056000000,34720.1,35279.0,34588.2,35075.0,67541.282,2354573775.1402
1699142400000,35075.0,35449.0,34415.8,35035.8,114892.324,4024772541.1048
1699228800000,35035.8,35310.9,34750.0,35072.9,89574.04,3138674464.2879
1699315200000,35072.9,35927.9,34526.6,35424.5,147118.124,5169331494.7747
1699401600000,35424.5,36187.7,35075.0,35641.7,142056.786,5050664117.2441
1699488000000,35641.7,38149.0,35554.2,36726.5,342798.621,12609017140.538
1699574400000,36726.5,37604.2,36360.0,37335.2,128742.659,4764244196.8123
1699660800000,37335.2,37429.3,36613.6,37163.0,63620.869,2358067377.646
1699747200000,37163.0,37260.3,36748.8,37089.5,43636.659,1618511816.036
1699833600000,37089.5,37473.0,36327.9,36485.2,110926.082,4086121739.2641
1699920000000,36485.2,36786.2,34542.9,35560.5,185436.28,6676126778.9306
1700006400000,35560.5,38016.9,35384.9,37893.9,199400.608,7336292679.0934
1700092800000,37893.9,37968.1,35500.0,36178.5,188403.958,6911098056.39
1700179200000,36178.5,36939.1,35870.4,36638.2,139270.149,5064114300.0386
1700265600000,36638.2,36898.2,36203.3,36597.4,47285.077,1727496387.9124
1700352000000,36597.4,37534.7,36378.8,37386.9,68516.97,2524309463.0221
1700438400000,37386.9,37846.7,36620.1,37469.3,152675.081,5697581996.8692
1700524800000,37469.3,37693.2,35720.0,35741.1,218739.168,8061566947.0459
1700611200000,35741.1,37888.0,35613.0,37424.0,152505.06,5615861246.1621
1700697600000,37424.0,37677.0,36867.3,37297.7,82102.262,3062654065.5834
1700784000000,37297.7,38435.7,37256.6,37725.0,159248.043,6023643620.242
1700870400000,37725.0,37900.0,37582.8,37791.0,31725.92,1197623639.9674
1700956800000,37791.0,37827.0,37124.4,37455.4,77450.459,2903754457.6857
1701043200000,37455.4,37569.3,36714.5,37256.0,108615.922,4027459181.3234
1701129600000,37256.0,38430.0,36880.0,37820.0,144642.744,5451297091.3139
1701216000000,37820.0,38600.1,37566.0,37858.6,122257.017,4642067004.9617
1701302400000,37858.6,38145.0,37429.0,37727.4,79915.758,3017164906.504
1701388800000,37727.4,39031.6,37612.8,38684.8,143622.975,5528059646.6194
1701475200000,38684.8,39894.0,38640.0,39455.0,90701.737,3556047054.122
1701561600000,39455.0,40439.9,39280.0,39999.9,93221.86,3703892763.6244
1701648000000,39999.9,42479.3,39996.6,42006.9,270587.629,11224101415.9287
1701734400000,42006.9,44555.0,41380.0,44103.4,238309.722,10230933845.0735
1701820800000,44103.4,44331.6,43379.4,43785.2,147887.826,6492978307.2171
1701907200000,43785.2,44087.7,42833.4,43308.0,151152.495,6566936970.6449
1701993600000,43308.0,44777.0,43005.0,44209.7,119680.381,5245628886.2192
1702080000000,44209.7,44416.1,43326.6,43740.0,79852.857,3512784007.9028
1702166400000,43740.0,44114.6,43570.8,43823.8,54340.961,2382783412.1808
1702252800000,43823.8,43854.8,40167.7,41272.1,292825.608,12222666527.9
1702339200000,41272.1,42168.1,40683.9,41526.0,155775.791,6468328258.0543
1702425600000,41526.0,43600.0,40510.9,42896.9,172684.166,7238303546.3152
1702512000000,42896.9,43475.0,41190.0,43050.0,171113.507,7304773196.5844
1702598400000,43050.0,43112.5,41671.6,41979.7,108220.713,4584090122.5357
1702684800000,41979.7,42783.3,41619.8,42296.3,59710.186,2528144846.7699
1702771200000,42296.3,42479.2,41255.5,41395.2,89308.204,3745131768.1528
1702857600000,41395.2,42810.6,40566.0,42683.6,163735.59,6788858998.4403
1702944000000,42683.6,43548.0,41836.4,42298.0,141858.496,6055490945.6948
1703030400000,42298.0,44355.0,42206.3,43710.0,169804.361,7381169778.9454
1703116800000,43710.0,44290.0,43324.3,43902.1,116069.192,5083284463.2573
1703203200000,43902.1,44473.9,43414.1,44010.0,103438.936,4537713688.6654
1703289600000,44010.0,44029.2,43262.9,43735.7,48410.035,2114074737.1799
1703376000000,43735.7,43987.0,42534.1,43022.3,69561.201,3020040770.4968
1703462400000,43022.3,43874.5,42742.7,43611.8,73588.365,3195501881.6968
1703548800000,43611.8,43634.1,41655.0,42552.0,117392.677,4995694898.8981
1703635200000,42552.0,43710.0,42138.7,43454.0,98585.24,4238358630.8208
1703721600000,43454.0,43849.5,42302.2,42607.0,101490.442,4357311655.5892
1703808000000,42607.0,43170.0,41278.0,42095.3,135840.807,5747579113.902
1703894400000,42095.3,42654.0,41554.4,42177.2,68905.516,2904352198.7048
1703980800000,42177.2,42945.9,42012.5,42324.8,59446.764,2526438126.985
1704067200000,42324.8,44284.9,42211.2,44235.5,79123.439,3416032597.2288
1704153600000,44235.5,45946.5,44208.7,44989.0,180530.083,8166222223.7952
1704240000000,44989.0,45567.8,40210.0,42871.9,308217.553,13228994107.3449
1704326400000,42871.9,44875.5,42637.0,44156.3,164677.973,7207270337.2467
1704412800000,44156.3,44436.4,42181.0,44156.8,194356.602,8492204192.3071
1704499200000,44156.8,44229.4,43400.7,43972.4,54322.09,2379850493.5741
1704585600000,43972.4,44509.6,43577.0,43936.2,73660.896,3245710612.4875
1704672000000,43936.2,47318.3,43136.9,46972.8,228622.432,10335328706.3308
1704758400000,46972.8,48083.4,44750.0,46128.0,237993.417,11063731806.9368
1704844800000,46128.0,47732.0,44301.0,46659.9,322480.711,14773330182.3574
1704931200000,46659.9,49054.4,45525.3,46347.7,271464.986,12748030657.0478
1705017600000,46347.7,46550.0,41323.0,42797.9,265780.733,11781100034.5366
1705104000000,42797.9,43267.6,42449.0,42855.0,82905.624,3553965095.4998
1705190400000,42855.0,43110.3,41708.8,41731.0,81035.038,3447425115.7961
1705276800000,41731.0,43394.6,41710.6,42508.1,111679.642,4762593699.6754
1705363200000,42508.1,43579.9,42003.9,43128.1,127527.621,5474144916.6279
1705449600000,43128.1,43197.0,42195.7,42782.1,92130.551,3930268065.3369
1705536000000,42782.1,42931.3,40669.0,41330.5,153800.047,6428031715.2517
1705622400000,41330.5,42199.0,40269.0,41663.0,164161.205,6761206624.4605
1705708800000,41663.0,41874.9,41412.6,41691.9,39254.922,1633740439.1431
1705795200000,41691.9,41867.8,41493.0,41585.6,31700.954,1321711123.2322
1705881600000,41585.6,41695.0,39360.0,39559.3,233028.916,9442745343.1671
1705968000000,39559.3,40180.0,38531.5,39900.1,189987.298,7455938467.5948
1706054400000,39900.1,40565.3,39488.0,40078.1,123100.521,4918850661.6215
1706140800000,40078.1,40324.3,39537.0,39954.0,94694.218,3779735470.4363
1706227200000,39954.0,42238.1,39810.0,41805.5,161746.762,6656186498.7091
1706313600000,41805.5,42193.3,41365.0,42095.8,45700.269,1909352762.0169
1706400000000,42095.8,42839.9,41587.4,42016.1,95870.896,4052150920.9931
1706486400000,42016.1,43436.9,41767.9,43286.2,114448.566,4871722222.6627
1706572800000,43286.2,43890.8,42647.5,42919.0,124016.716,5379423903.2261
1706659200000,42919.0,43735.9,42255.0,42552.7,150732.5,6470805540.6403
1706745600000,42552.7,43307.3,41843.5,43064.6,132267.318,5621505057.8224
1706832000000,43064.6,43476.7,42520.3,43178.1,88716.224,3817886377.836
1706918400000,43178.1,43377.8,42859.1,42991.8,30788.965,1326728844.3048
1707004800000,42991.8,43114.7,42154.0,42559.6,46154.743,1974201247.6811
1707091200000,42559.6,43567.9,42229.6,42692.6,108809.566,4661177731.192
1707177600000,42692.6,43370.4,42554.0,43083.9,76359.016,3280389227.0788
1707264000000,43083.9,44379.1,42774.2,44318.0,104988.714,4563918709.1287
1707350400000,44318.0,45628.2,44300.1,45260.5,133841.458,6015691101.2566
1707436800000,45260.5,48230.0,45210.0,47122.4,215540.748,10118693910.8044
1707523200000,47122.4,48197.9,46840.0,47728.1,70822.471,3359080615.3912
1707609600000,47728.1,48603.5,47555.7,48328.5,86528.297,4169032041.5768
1707696000000,48328.5,50439.2,47712.8,49960.9,192841.204,9470089155.0222
1707782400000,49960.9,50430.5,48300.1,49710.4,168940.1,8340078034.446
1707868800000,49710.4,52098.4,49220.5,51821.8,172393.533,8823172091.9213
1707955200000,51821.8,52879.5,51322.5,51904.2,167412.423,8727300297.8344
1708041600000,51904.2,52625.0,51586.2,52151.8,110559.798,5755738709.3753
1708128000000,52151.8,52200.0,50652.3,51693.1,100138.831,5147727751.8039
1708214400000,51693.1,52456.7,51176.0,52174.9,75661.573,3921244548.0428
1708300800000,52174.9,52559.2,51701.0,51814.9,80885.769,4218787963.7479
1708387200000,51814.9,53120.0,50725.2,52287.1,172781.292,8973731960.9623
1708473600000,52287.1,52404.5,50430.0,51875.2,151061.973,7748958052.7206
1708560000000,51875.2,52119.7,50939.9,51304.7,110013.081,5672520713.7876
1708646400000,51304.7,51571.7,50538.5,50774.1,98395.293,5023379560.2029
1708732800000,50774.1,51742.7,50600.0,51588.9,44354.878,2272681947.3878
1708819200000,51588.9,52000.0,51300.0,51747.5,50018.677,2584549057.452
1708905600000,51747.5,54992.2,50922.0,54515.0,172863.566,9154198952.0507
1708992000000,54515.0,57699.0,54488.8,57077.9,221561.137,12540137611.7037
1709078400000,57077.9,64496.7,56735.4,62484.1,452005.803,27361625842.569
1709164800000,62484.1,63796.6,60460.9,61184.1,247267.548,15364934476.8107
1709251200000,61184.1,63181.9,60827.0,62417.6,128026.11,7934721161.0976
1709337600000,62417.6,62499.0,61591.3,62055.9,59336.96,3680475233.2101
1709424000000,62055.9,63333.0,61317.7,63179.1,80467.66,5014733429.9089
1709510400000,63179.1,68686.8,62235.0,68360.0,272675.266,17915828448.9072
1709596800000,68360.0,69387.2,59111.0,63750.1,420727.422,27565350866.2981
1709683200000,63750.1,67764.5,62824.1,66118.5,236268.315,15610667882.8533
1709769600000,66118.5,68160.3,65555.0,66858.7,123387.181,8260272804.8249
1709856000000,66858.7,70320.0,66135.1,68165.0,183236.739,12468486423.4458
1709942400000,68165.0,68606.0,67897.4,68374.4,31306.791,2137694010.4141
1710028800000,68374.4,70029.1,68122.0,68999.6,97914.417,6784572536.6244
1710115200000,68999.6,72919.6,66923.0,72152.4,181576.665,12902007423.7283
1710201600000,72152.4,73391.0,68671.3,71512.0,201923.678,14417182568.9952
1710288000000,71512.0,73749.9,71382.2,73133.0,127778.397,9300307189.988
1710374400000,73133.0,73949.0,68613.6,71473.1,209363.193,14961436996.8512
1710460800000,71473.1,72525.0,65559.2,69523.8,290396.76,19853131220.3281
1710547200000,69523.8,70081.3,64696.4,65331.2,147941.177,10003877826.1518
1710633600000,65331.2,68970.0,64539.8,68432.2,127270.331,8507680506.6632
1710720000000,68432.2,69040.0,66533.5,67643.9,139068.527,9411325396.5448
1710806400000,67643.9,68174.9,61555.0,61971.5,270938.291,17413254152.0052
1710892800000,61971.5,68133.2,60761.2,67850.5,240043.647,15331987275.286
1710979200000,67850.5,68287.7,64528.0,65536.0,141743.448,9430264769.5757
1711065600000,65536.0,66666.6,62098.0,63815.8,191857.048,12301928128.5235
1711152000000,63815.8,66064.7,63001.1,63996.3,101837.278,6582503718.5793
1711238400000,63996.3,67698.8,63780.6,67248.1,99682.156,6531998926.2168
1711324800000,67248.1,71278.3,66374.5,69903.4,166456.851,11462784264.8543
1711411200000,69903.4,71650.0,69333.0,70046.0,135865.987,9562374090.8608
1711497600000,70046.0,71898.0,68400.0,69548.6,185536.844,12963261462.2189
1711584000000,69548.6,71615.8,68955.0,70858.8,101498.006,7164121682.7655
1711670400000,70858.8,70990.0,69000.5,69899.2,84601.991,5920040351.1928
1711756800000,69899.2,70400.0,69582.0,69638.7,30401.748,2128755273.8445
1711843200000,69638.7,71514.2,69609.4,71378.0,48414.928,3421276134.577
1711929600000,71378.0,71394.6,68043.8,69706.8,125799.636,8735375770.1794
1712016000000,69706.8,69743.9,64490.0,65484.0,213352.261,14116495444.0771
1712102400000,65484.0,66950.0,64406.0,65971.5,116505.398,7686646956.9005
1712188800000,65971.5,69315.8,65035.7,68480.4,139284.141,9386712967.5322
1712275200000,68480.4,68775.9,65943.0,67814.0,142673.449,9604479355.0717
1712361600000,67814.0,69699.9,67457.9,68894.6,48282.669,3296760120.633
1712448000000,68894.6,70366.0,68803.4,69355.0,67662.806,4702309499.0501
1712534400000,69355.0,72854.5,69050.0,71674.4,130297.113,9308179037.8448
1712620800000,71674.4,71814.0,68200.3,69187.0,153248.683,10716828473.9641
1712707200000,69187.0,71269.0,67506.1,70655.8,148360.695,10235474008.3603
1712793600000,70655.8,71341.7,69580.0,70038.5,117732.438,8285824811.2012
1712880000000,70038.5,71281.1,64669.0,67120.5,193747.829,13240444233.9067
1712966400000,67120.5,67937.6,59765.9,63905.1,221184.794,14303049400.1757
1713052800000,63905.1,65824.0,62088.7,65618.9,171702.581,10995062894.9993
1713139200000,65618.9,66834.9,62222.0,63413.7,178673.478,11565073912.5662
1713225600000,63413.7,64357.6,61512.5,63772.3,178361.486,11190185833.0174
1713312000000,63772.3,64479.9,59605.0,61245.0,190236.376,11744245407.396
1713398400000,61245.0,64166.1,60757.0,63445.1,153817.52,9609007596.1591
1713484800000,63445.1,65431.6,59521.7,63774.8,238467.879,15081023367.9137
1713571200000,63774.8,65407.0,63038.5,64900.0,82788.639,5315401465.3874
1713657600000,64900.0,65694.2,64200.0,64910.9,68102.911,4420223112.504
1713744000000,64910.9,67198.9,64463.1,66770.3,104119.156,6871079850.8697
1713830400000,66770.3,67145.7,65750.0,66397.8,78292.862,5203238180.9828
1713916800000,66397.8,67084.5,63562.6,64259.1,124268.416,8108160968.7762
1714003200000,64259.1,65272.3,62745.2,64464.6,125184.423,8011618895.4368
1714089600000,64464.6,64798.0,63273.0,63746.0,92008.412,5894694796.4148
1714176000000,63746.0,63900.0,62370.0,63412.9,72867.974,4593477466.6752
1714262400000,63412.9,64336.8,62674.2,63092.8,54486.794,3463171930.5546
1714348800000,63092.8,64193.0,61729.9,63827.9,113196.803,7092057083.6987
1714435200000,63827.9,64705.3,59132.0,60655.9,201222.12,12349354763.5056
1714521600000,60655.9,60820.0,56505.0,58298.5,254425.925,14746487100.9785
1714608000000,58298.5,59581.0,56887.3,59030.4,131444.898,7676149460.8639
1714694400000,59030.4,63343.7,58780.0,62843.7,150514.932,9179663672.8473
1714780800000,62843.7,64499.9,62512.8,63860.0,83894.05,5327344322.0646
1714867200000,63860.0,64630.0,62866.1,63997.8,70925.504,4523057105.1258
1714953600000,63997.8,65540.0,62669.0,63149.3,141354.736,9034069969.682
1715040000000,63149.3,64398.7,62230.0,62314.5,105874.296,6717146991.2987
1715126400000,62314.5,63024.5,60850.0,61164.0,105337.308,6543860909.8744
1715212800000,61164.0,63405.5,60544.5,63035.5,108058.166,6677065322.6202
1715299200000,63035.5,63447.8,60111.0,60789.1,127069.119,7828553764.8777
1715385600000,60789.1,61500.0,60461.0,60810.2,42665.587,2600083329.9249
1715472000000,60810.2,61854.2,60566.6,61449.7,41972.384,2569273104.2041
1715558400000,61449.7,63437.3,60707.8,62909.4,105341.089,6569481572.5134
1715644800000,62909.4,63095.9,61000.1,61546.0,104281.757,6447676658.8693
1715731200000,61546.0,66430.0,61310.0,66185.4,143725.174,9213461970.3724
1715817600000,66185.4,66770.0,64580.4,65226.0,96849.243,6363503692.1646
1715904000000,65226.0,67443.8,65070.1,66973.0,88751.785,5893293260.6471
1715990400000,66973.0,67346.5,66469.0,66875.8,43134.141,2886243405.5068
1716076800000,66875.8,67737.7,65822.0,66235.6,62553.289,4180367605.0735
1716163200000,66235.6,71638.3,66034.0,71436.9,156122.4,10684083421.5799
1716249600000,71436.9,72061.7,69155.0,70167.8,117990.801,8334383560.9641
1716336000000,70167.8,70713.0,68812.4,69210.1,84291.058,5885532298.3227
1716422400000,69210.1,70159.4,66311.1,68000.3,136420.555,9309178690.1551
1716508800000,68000.3,69279.9,66628.2,68580.0,77917.904,5292464098.3224
1716595200000,68580.0,69636.3,68524.4,69306.2,31716.594,2191038402.6766
1716681600000,69306.2,69598.7,68121.0,68528.6,37264.099,2568613622.0433
1716768000000,68528.6,70737.9,68277.0,69450.0,67396.446,4678849907.2929
1716854400000,69450.0,69613.7,67250.0,68443.6,111353.39,7595907916.4977
1716940800000,68443.6,68989.0,67124.7,67676.0,72408.639,4917938701.7616
1717027200000,67676.0,69560.0,67137.0,68371.8,87306.017,5961717095.209
1717113600000,68371.8,69077.0,66660.0,67555.8,84170.831,5712800451.959
1717200000000,67555.8,67942.0,67456.9,67792.8,17910.792,1213018474.3393
1717286400000,67792.8,68498.6,67279.7,67776.3,39704.642,2695657945.7384
1717372800000,67776.3,70344.1,67621.5,68837.0,94179.255,6512952651.6789
1717459200000,68837.0,71110.0,68604.9,70559.3,82484.556,5765022692.2429
1717545600000,70559.3,71819.6,70406.0,71140.6,79206.351,5633523457.4688
1717632000000,71140.6,71699.9,70144.1,70835.8,66768.725,4742173934.4137
1717718400000,70835.8,72169.0,68336.7,69389.9,130476.427,9185030752.1997
1717804800000,69389.9,69610.5,69204.0,69326.0,21632.956,1501924896.2203
1717891200000,69326.0,69864.7,69157.1,69642.3,25358.39,1762992790.1402
1717977600000,69642.3,70180.6,69168.4,69516.0,47982.027,3341314186.8481
1718064000000,69516.0,69570.0,65931.6,67276.3,139668.428,9414261472.9128
1718150400000,67276.3,70000.0,66859.4,68240.9,149220.988,10238676636.4273
1718236800000,68240.9,68500.0,66225.9,66742.5,106150.805,7148742549.7108
1718323200000,66742.5,67341.0,65030.0,66021.2,101695.278,6733469635.5164
1718409600000,66021.2,66446.1,65808.1,66184.0,25770.212,1705278952.6369
1718496000000,66184.0,66949.6,66007.5,66638.2,29095.037,1935518277.1745
1718582400000,66638.2,67289.9,65058.0,66454.8,106576.66,7047222023.3851
1718668800000,66454.8,66552.8,64026.6,65146.5,147352.39,9578306500.0445
1718755200000,65146.5,65700.0,64650.0,64940.2,66754.284,4349459508.0974
1718841600000,64940.2,66458.0,64514.2,64853.9,97387.015,6364829177.1823
1718928000000,64853.9,65070.7,63333.0,64108.3,108980.511,6977338223.853
1719014400000,64108.3,64498.9,63904.1,64223.1,18697.975,1201636296.8234
1719100800000,64223.1,64484.1,63123.1,63179.9,30789.887,1968021262.9406
1719187200000,63179.9,63329.9,58320.0,60257.1,221288.65,13499372619.4446
1719273600000,60257.1,62401.3,60217.9,61764.4,127690.308,7836122653.6901
1719360000000,61764.4,62467.9,60666.0,60838.5,88063.807,5405114406.7352
1719446400000,60838.5,62380.0,60564.8,61659.5,79074.717,4857794998.8199
1719532800000,61659.5,62218.0,60011.5,60406.1,85662.775,5239767566.2333
1719619200000,60406.1,61198.9,60378.1,60939.9,32466.206,1976842754.4846
1719705600000,60939.9,63041.3,60673.0,62749.5,69847.886,4317138430.664
1719792000000,62749.5,63845.0,62464.4,62860.1,88928.106,5615123059.8395
1719878400000,62860.1,63259.0,61779.6,62092.6,69452.838,4334558609.1908
1719964800000,62092.6,62250.0,59350.2,60184.8,132930.045,8038594455.8795
1720051200000,60184.8,60464.6,56687.5,57034.6,197056.627,11435639737.8895
1720137600000,57034.6,57523.4,53314.3,56602.8,240355.557,13339979036.3903
1720224000000,56602.8,58489.6,56002.0,58204.1,75155.695,4298856914.5498
1720310400000,58204.1,58420.0,55710.0,55840.0,98532.507,5630552415.61
1720396800000,55840.0,58195.4,54228.3,56696.5,206890.576,11623780235.9573
1720483200000,56696.5,58315.7,56257.0,58029.9,119422.257,6854689847.8122
1720569600000,58029.9,59471.4,57127.0,57713.8,114198.732,6646329381.6038
1720656000000,57713.8,59661.5,57016.1,57312.1,131008.25,7614451903.7422
1720742400000,57312.1,58514.2,56513.3,57860.9,107764.152,6191420971.1567
1720828800000,57860.9,59869.9,57711.2,59181.8,64548.245,3786559257.1713
1720915200000,59181.8,61387.9,59170.3,60755.8,96422.363,5798640181.4843
1721001600000,60755.8,64900.0,60601.9,64696.1,160992.866,10140535764.3781
1721088000000,64696.1,65365.0,62350.3,65027.0,172009.771,11008153338.9967
1721174400000,65027.0,66119.2,63800.0,64048.6,121109.072,7864461543.5826
1721260800000,64048.6,65132.9,63200.0,63966.8,95790.592,6148165695.1072
1721347200000,63966.8,67368.4,63281.0,66631.9,141906.542,9271777602.0117
1721433600000,66631.9,67599.9,66202.0,67103.2,57216.059,3826291758.3772
1721520000000,67103.2,68371.7,65738.0,68150.0,102208.243,6863198859.3125
1721606400000,68150.0,68467.9,66543.0,67493.6,94044.527,6346491721.2633
1721692800000,67493.6,67719.8,65371.6,65922.1,130161.566,8649301316.8763
1721779200000,65922.1,67105.2,64903.0,65364.6,99290.969,6562426318.2604
1721865600000,65364.6,66205.8,63378.5,65767.6,148585.813,9587803380.1487
1721952000000,65767.6,68212.6,65695.0,67881.2,110878.882,7459560298.9844
1722038400000,67881.2,69400.0,66608.3,67902.0,164973.501,11244159267.4979
1722124800000,67902.0,68337.9,67026.9,68240.9,57209.896,3876609301.1659
1722211200000,68240.9,70136.9,66360.9,66757.7,170668.757,11669607139.0179
1722297600000,66757.7,66958.9,65265.0,66170.0,116692.506,7727299930.9793
1722384000000,66170.0,66832.0,64502.4,64615.9,114141.657,7514976264.6157
1722470400000,64615.9,65634.3,62217.7,65341.1,176298.517,11263594940.3213
1722556800000,65341.1,65576.4,61171.5,61459.0,195870.336,12453959337.057
1722643200000,61459.0,62154.0,59822.0,60682.0,131379.655,8010367850.9495
1722729600000,60682.0,61088.0,57150.0,58131.6,160008.509,9467813831.7434
1722816000000,58131.6,58278.3,48914.1,53988.2,563087.729,29859703014.1309
1722902400000,53988.2,57056.1,53917.3,55989.8,208496.835,11631896382.2673
1722988800000,55989.8,57762.5,54517.7,55109.5,174213.427,9800381087.2323
1723075200000,55109.5,62743.1,54705.0,61670.2,223316.503,13073854523.0631
1723161600000,61670.2,61733.0,59488.0,60814.9,139235.433,8432747416.8217
1723248000000,60814.9,61459.9,60223.0,60893.7,50607.723,3074552152.5361
1723334400000,60893.7,61880.0,58264.0,58703.4,100013.914,5997370815.8362
1723420800000,58703.4,60691.5,57555.0,59316.1,197646.862,11673707733.6924
1723507200000,59316.1,61576.7,58380.0,60558.8,136710.133,8188673891.5517
1723593600000,60558.8,61950.3,58399.1,58647.7,146970.627,8809236330.109
1723680000000,58647.7,59833.7,56052.1,57515.9,185055.183,10767838784.3855
1723766400000,57515.9,59800.1,57071.7,58850.0,136354.711,7967639846.8045
1723852800000,58850.0,59698.8,58765.0,59475.1,39023.108,2312573790.0812
1723939200000,59475.1,60288.5,58400.0,58406.4,71746.256,4274721054.8102
1724025600000,58406.4,59600.0,57753.1,59403.9,107202.581,6280388148.5618
1724112000000,59403.9,61455.8,58400.0,58978.0,161097.025,9652487135.1557
1724198400000,58978.0,61835.0,58728.4,61120.6,145061.264,8721226772.3082
1724284800000,61120.6,61386.2,59623.9,60355.3,103268.447,6258324999.3764
1724371200000,60355.3,65041.9,60316.1,64005.0,180897.088,11271701165.1506
1724457600000,64005.0,64485.0,63520.0,64130.3,56009.29,3586777673.1465
1724544000000,64130.3,64992.6,63750.0,64180.9,51677.069,3318348087.0981
1724630400000,64180.9,64447.6,62777.0,62812.0,97247.397,6179900119.6466
1724716800000,62812.0,63203.2,57869.5,59366.7,182835.455,11183357514.0093
1724803200000,59366.7,60244.9,57800.0,59013.1,169427.518,10019959404.2225
1724889600000,59013.1,61148.7,58618.2,59315.8,126521.607,7573441165.0318
1724976000000,59315.8,59922.0,57665.7,59100.9,133153.001,7844238259.1011
1725062400000,59100.9,59437.7,58705.9,58944.4,33660.194,1987623460.1147
1725148800000,58944.4,59053.1,56913.4,57266.1,111534.306,6471426391.457
1725235200000,57266.1,59423.1,57072.2,59116.7,100806.177,5869114060.0884
1725321600000,59116.7,59805.0,57356.7,57450.2,107037.806,6252111565.1093
1725408000000,57450.2,58499.8,55501.0,57937.8,160129.965,9140365036.2637
1725494400000,57937.8,58300.0,55509.8,56150.5,149545.456,8470574296.4132
1725580800000,56150.5,56997.6,52500.2,53934.0,257720.54,14137782934.1083
1725667200000,53934.0,54827.5,53733.0,54139.5,63626.741,3451070468.7269
1725753600000,54139.5,55300.0,53607.5,54850.0,80683.769,4389257082.7582
1725840000000,54850.0,58150.2,54560.3,57014.5,151982.606,8494579730.812
1725926400000,57014.5,58039.7,56350.0,57620.3,118463.481,6764545366.4299
1726012800000,57620.3,57977.4,55530.1,57310.4,186525.083,10583657336.5739
1726099200000,57310.4,58580.9,57298.5,58104.8,130449.328,7560166302.761
1726185600000,58104.8,60624.2,57579.0,60466.3,130451.728,7693439339.321
1726272000000,60466.3,60584.2,59357.7,59968.0,51140.924,3065283046.3937
1726358400000,59968.0,60392.8,58652.1,59101.2,62762.687,3749633593.2495
1726444800000,59101.2,59182.0,57450.0,58185.0,123938.27,7219433329.8883
1726531200000,58185.0,61330.0,57568.0,60275.1,163500.533,9781986821.8249
1726617600000,60275.1,61776.9,59126.2,61743.7,171635.552,10337106892.9695
1726704000000,61743.7,63856.0,61523.6,62922.8,149879.275,9404589782.757
1726790400000,62922.8,64131.7,62310.0,63173.8,118924.458,7514410819.1801
1726876800000,63173.8,63544.0,62712.8,63311.5,34502.884,2176612469.0433
1726963200000,63311.5,64000.0,62350.0,63549.9,72599.548,4576290434.8509
1727049600000,63549.9,64774.2,62537.1,63305.9,124612.93,7920230149.7321
1727136000000,63305.9,64749.9,62634.0,64248.6,122117.212,7760569001.854
1727222400000,64248.6,64876.5,62900.0,63130.1,90978.301,5795832950.7206
1727308800000,63130.1,65850.0,62650.0,65145.8,149724.313,9664684352.8351
1727395200000,65145.8,66520.0,64789.0,65746.5,118626.664,7797250405.7937
1727481600000,65746.5,66319.9,65310.0,65823.0,38744.52,2546634893.607
1727568000000,65823.0,66174.5,65370.5,65571.7,37181.036,2443266079.4123
1727654400000,65571.7,65604.8,62800.0,63276.8,156604.911,10012715105.6738
1727740800000,63276.8,64096.6,60118.9,60790.0,252246.193,15695348383.9129
1727827200000,60790.0,62416.3,59952.9,60617.5,174584.656,10672953986.6141
1727913600000,60617.5,61460.0,59840.2,60725.9,157314.692,9531162312.9028
1728000000000,60725.9,62469.0,60414.0,62063.9,130809.972,8051623649.5247
1728086400000,62063.9,62365.9,61650.0,62035.0,35944.821,2228946199.1387
1728172800000,62035.0,62973.3,61791.3,62792.9,49637.081,3099069414.6613
1728259200000,62792.9,64464.0,62055.0,62191.2,155360.143,9840635914.82
1728345600000,62191.2,63189.7,61803.4,62120.7,114862.9,7167519591.0579
1728432000000,62120.7,62525.0,60266.0,60607.7,115688.383,7125356765.3941
1728518400000,60607.7,61288.0,58900.0,60295.6,141439.072,8533523858.6922
1728604800000,60295.6,63436.0,60064.4,62499.6,142871.611,8840015884.5289
1728691200000,62499.6,63467.4,62457.9,63177.5,57373.073,3611756758.4168
1728777600000,63177.5,63269.5,62012.1,62838.7,72175.209,4519436313.9982
1728864000000,62838.7,67300.0,62422.5,66080.1,184083.217,11964507574.2408
1728950400000,66080.1,67999.0,64762.1,67057.4,228992.418,15177305414.0575
1729036800000,67057.4,68525.0,66727.0,67595.1,145477.707,9837448335.5843
1729123200000,67595.1,67921.0,66650.1,67390.4,108765.354,7304077990.3539
1729209600000,67390.4,69049.7,67157.0,68402.4,130050.806,8873975273.9099
1729296000000,68402.4,68685.0,67980.0,68369.5,32741.41,2235545494.0599
1729382400000,68369.5,69428.0,68074.9,69034.0,48441.074,3327237707.8107
1729468800000,69034.0,69555.0,66853.3,67368.1,125446.974,8519988640.8165
1729555200000,67368.1,67847.0,66560.9,67409.5,113521.198,7631462454.594
1729641600000,67409.5,67477.7,65240.2,66659.1,146198.666,9700399537.8623
1729728000000,66659.1,68847.2,66509.3,68171.2,127827.03,8649408436.7546
1729814400000,68171.2,68755.0,65524.5,66666.8,183971.112,12379349258.8847
1729900800000,66666.8,67442.7,66408.4,67069.1,44536.687,2980568398.5273
1729987200000,67069.1,68311.6,66905.2,68001.1,47106.67,3185700945.0472
1730073600000,68001.1,70449.9,67571.4,69947.6,147940.16,10204822451.032
1730160000000,69947.6,73681.8,69735.4,72757.5,205358.993,14776045875.2412
1730246400000,72757.5,73044.2,71455.1,72386.3,112823.933,8147801247.9181
1730332800000,72386.3,72736.4,69719.3,70332.3,137726.866,9803255628.4653
1730419200000,70332.3,71650.0,68800.0,69495.5,176731.927,12357269149.2405
1730505600000,69495.5,69919.0,68981.6,69363.6,43547.707,3024797418.8979
1730592000000,69363.6,69382.9,67456.1,68743.6,125143.408,8553225533.3614
1730678400000,68743.6,69497.0,66808.0,67838.7,141457.822,9636881646.7326
1730764800000,67838.7,70540.0,67449.5,69345.7,143225.827,9927490272.6331
1730851200000,69345.7,76433.6,69256.7,75599.9,356534.174,26340611759.876
1730937600000,75599.9,76890.0,74476.3,75874.8,136507.619,10324134958.55
1731024000000,75874.8,77220.3,75610.0,76514.2,103535.011,7898248944.1981
1731110400000,76514.2,76950.0,75703.7,76701.7,50536.747,3861187692.4404
1731196800000,76701.7,81700.0,76508.2,80428.5,203917.167,16202848613.0764
1731283200000,80428.5,89828.0,80267.8,88765.4,301879.551,25524915890.5917
1731369600000,88765.4,90077.0,85150.0,87968.0,314735.206,27622772394.7741
1731456000000,87968.0,93400.0,86113.6,90411.2,281262.229,25270169336.1162
1731542400000,90411.2,91889.7,86661.0,87367.3,195188.885,17445158567.9126
1731628800000,87367.3,91948.0,87083.7,91125.2,157844.593,14105155414.6981
1731715200000,91125.2,91856.3,90125.0,90625.4,60731.141,5529266399.753
1731801600000,90625.4,91601.8,88735.7,89900.0,83270.967,7517522527.078
1731888000000,89900.0,92757.6,89424.0,90535.0,172501.98,15713416725.0729
1731974400000,90535.0,93980.0,90435.9,92341.4,159235.317,14697220390.6727
1732060800000,92341.4,94898.9,91511.0,94315.3,131176.46,12289243395.9838
1732147200000,94315.3,99111.0,94032.0,98382.9,205366.297,19945065115.2165
1732233600000,98382.9,99690.0,97210.0,98947.0,133341.135,13154262230.7903
1732320000000,98947.0,98970.9,97185.9,97740.2,58002.672,5694072701.4924
1732406400000,97740.2,98653.3,95800.3,98027.7,90176.101,8763724173.5458
1732492800000,98027.7,98979.9,92620.0,93004.1,177667.896,17043642552.8743
1732579200000,93004.1,95063.1,90835.5,92025.6,173714.939,16136969479.5374
1732665600000,92025.6,97276.0,91857.6,95908.7,118451.681,11213251412.0558
1732752000000,95908.7,96648.0,94707.0,95702.8,82468.408,7874695521.1641
1732838400000,95702.8,98735.3,95420.3,97526.7,92546.65,8994699846.4799
1732924800000,97526.7,97539.8,96151.0,96484.0,42120.126,4074947021.356
1733011200000,96484.0,97929.4,95750.0,97265.4,57117.524,5535272255.3612
1733097600000,97265.4,98270.7,94455.0,95886.6,135368.369,13010459383.5404
1733184000000,95886.6,96389.0,93605.4,95919.6,106345.342,10133416881.6242
1733270400000,95919.6,99117.6,94638.0,98671.8,131059.585,12682696549.2128
1733356800000,98671.8,104698.8,90530.0,96977.9,282711.659,28285487840.8342
1733443200000,96977.9,101998.7,96319.6,99789.9,135216.668,13414656554.867
1733529600000,99789.9,100540.2,98883.4,99913.0,47506.658,4737371968.8625
1733616000000,99913.0,101464.8,98729.1,101186.8,53786.479,5372922087.393
1733702400000,101186.8,101296.1,93888.0,97329.0,175409.992,17199404118.01
1733788800000,97329.0,98299.0,94190.8,96552.8,153439.146,14792724546.1781
1733875200000,96552.8,101961.0,95574.3,101128.3,122591.044,12172792334.6915
1733961600000,101128.3,102636.2,99300.0,99982.5,117317.241,11830766327.1368
1734048000000,99982.5,101935.7,99168.0,101415.8,80764.043,8125220068.2086
1734134400000,101415.8,102748.0,100577.1,101419.9,51260.197,5204702619.6375
1734220800000,101419.9,105338.2,101243.4,104515.6,77174.467,7954830989.1851
1734307200000,104515.6,107850.0,103304.3,106094.2,136569.347,14424459457.7338
1734393600000,106094.2,108421.6,105300.0,106084.6,100762.057,10756895824.6775
1734480000000,106084.6,106470.3,99800.0,100148.6,183873.186,18979588796.443
1734566400000,100148.6,102742.4,95640.5,97399.4,202086.54,20062720081.8751
1734652800000,97399.4,98221.5,92230.0,97757.3,191089.684,18286850440.5533
1734739200000,97757.3,99482.8,96326.7,97249.7,69652.31,6808157121.6167
1734825600000,97249.7,97431.6,94200.0,95144.7,76364.427,7321873620.2492
1734912000000,95144.7,96500.0,92465.8,94837.0,125462.025,11852960114.939
1734998400000,94837.0,99435.7,93508.6,98628.3,105970.467,10250521010.5092
1735084800000,98628.3,99590.0,97562.6,99405.2,67405.221,6640188781.1755
1735171200000,99405.2,99950.0,95137.5,95743.2,100668.442,9726514484.3588
1735257600000,95743.2,97500.0,93380.1,94251.0,103774.46,9901230580.6281
1735344000000,94251.0,95699.9,94070.2,95255.8,36894.789,3495950021.5171
1735430400000,95255.8,95300.0,92926.7,93699.0,50241.219,4730768959.8991
1735516800000,93699.0,95000.0,91463.7,92739.3,128458.068,11959785141.1981
1735603200000,92739.3,96322.1,91981.4,93530.0,98560.554,9282689586.2034
1735689600000,93530.0,95158.4,92840.0,94564.6,46830.37,4399935460.3038
1735776000000,94564.6,97844.8,94339.9,96960.5,96026.934,9265042129.9523
1735862400000,96960.5,98950.0,96062.1,98140.0,60348.86,5877386031.85
1735948800000,98140.0,98759.6,97442.8,98177.2,31031.277,3041206026.9714
1736035200000,98177.2,98828.5,97216.0,98340.5,39445.131,3864709909.7209
1736121600000,98340.5,102471.7,97861.0,102185.9,107235.688,10762922535.28
1736208000000,102185.9,102702.1,96113.4,96908.1,140660.826,13889474297.4792
1736294400000,96908.1,97224.3,92378.5,95022.2,156335.096,14847131916.1366
1736380800000,95022.2,95356.6,91151.0,92507.7,136709.766,12729287135.7919
1736467200000,92507.7,95873.6,92161.2,94684.2,140049.765,13169535302.1952
1736553600000,94684.2,94991.9,93800.0,94569.4,32812.684,3096410609.8963
1736640000000,94569.4,95439.9,93660.0,94510.0,37815.707,3574041007.985
1736726400000,94510.0,95954.8,89100.0,94508.2,192294.806,17762553481.2648
1736812800000,94508.2,97395.5,94330.3,96523.3,106961.086,10280128093.4987
1736899200000,96523.3,100700.0,96450.0,100465.0,105233.273,10364018283.6891
1736985600000,100465.0,100866.1,97291.0,99945.8,98538.546,9779948795.1596
1737072000000,99945.8,105815.8,99906.1,104048.8,118129.351,12198845476.3119
1737158400000,104048.8,104963.0,102244.0,104520.0,73020.641,7569954963.3781
1737244800000,104520.0,106476.5,99600.0,101310.7,123413.669,12813280681.6255
1737331200000,101310.7,109951.7,99500.1,102258.7,307591.535,32254695202.5632
1737417600000,102258.7,107265.6,100000.0,106133.3,152667.181,15870585223.7813
1737504000000,106133.3,106387.4,103310.0,103670.4,82770.668,8664520016.0427
1737590400000,103670.4,106875.0,101205.1,103862.4,243671.499,25370061448.1561
1737676800000,103862.4,107118.6,102691.8,104800.1,83022.41,8737648636.8546
1737763200000,104800.1,105276.1,104036.9,104709.4,28536.813,2986905353.8746
1737849600000,104709.4,105591.5,102457.1,102553.7,33430.622,3485401775.6738
1737936000000,102553.7,103217.8,97694.2,102024.2,160065.059,16059242520.7183
1738022400000,102024.2,103800.0,100205.7,101278.0,92463.628,9460180773.5938
1738108800000,101278.0,104777.0,101265.3,103700.0,91299.151,9379349748.4528
1738195200000,103700.0,106421.1,103235.0,104684.6,71246.02,7491051783.0583
1738281600000,104684.6,105998.0,101468.4,102377.6,88259.827,9147405477.6418
1738368000000,102377.6,102735.0,100215.1,100576.5,47878.238,4867256985.0173
1738454400000,100576.5,101410.0,95994.3,97645.7,121210.649,11933819829.6414
1738540800000,97645.7,102457.8,91166.6,101294.8,255729.189,24569531894.371
1738627200000,101294.8,101684.7,96086.1,97706.0,144369.546,14285235601.3147
1738713600000,97706.0,99170.0,96100.1,96568.5,82115.12,8024982830.0478
1738800000000,96568.5,99099.0,95631.8,96500.0,81570.635,7945354787.66
1738886400000,96500.0,100120.0,95556.5,96440.6,121241.547,11851707915.0818
1738972800000,96440.6,96840.0,95635.8,96406.8,28686.285,2759961024.3776
1739059200000,96406.8,97275.0,94651.2,96428.6,50471.31,4853028635.5676
1739145600000,96428.6,98343.4,95202.8,97384.2,69170.157,6716941953.9151
1739232000000,97384.2,98459.0,94821.9,95748.6,80457.239,7773568164.6249
1739318400000,95748.6,98089.1,94001.2,97828.1,111587.153,10705957398.844
1739404800000,97828.1,98047.0,95156.1,96570.7,80790.588,7764082176.1582
1739491200000,96570.7,98821.0,96200.0,97450.1,76881.887,7475128030.2469
1739577600000,97450.1,97933.0,97175.8,97533.9,26626.525,2596881995.4523
1739664000000,97533.9,97678.7,96000.0,96060.1,32342.895,3134454833.0903
1739750400000,96060.1,96988.3,95160.0,95735.0,57735.557,5542732333.3354
1739836800000,95735.0,96730.9,93318.1,95618.8,93274.024,8863783706.7345
1739923200000,95618.8,96897.1,95008.6,96616.4,64324.738,6173452144.3024
1740009600000,96616.4,98680.8,96386.5,98246.7,64910.439,6328230652.9085
1740096000000,98246.7,99454.2,94832.2,96198.4,112570.181,10980516748.0197
1740182400000,96198.4,97056.0,95814.8,96554.4,23662.335,2283270471.1218
1740268800000,96554.4,96637.0,95254.0,96262.6,25444.11,2440904003.4043
1740355200000,96262.6,96536.3,91258.7,91478.2,89033.48,8402707092.6583
1740441600000,91478.2,92520.9,86055.5,88665.3,189365.27,16801608037.6205
1740528000000,88665.3,89389.9,82055.6,84208.6,195900.683,16820632480.9585
1740614400000,84208.6,87043.6,82670.0,84686.0,126880.481,10802138606.0075
1740700800000,84686.0,85124.4,78210.5,84307.6,239355.37,19497335163.4641
1740787200000,84307.6,86533.3,83760.9,86024.4,66059.7,5628737101.3996
1740873600000,86024.4,95058.7,85007.7,94259.7,162682.619,14677991359.5077
1740960000000,94259.7,94414.2,85023.4,86165.3,201810.407,18095462411.4597
1741046400000,86165.3,88946.0,81413.7,87260.1,209395.733,17706426180.5045
1741132800000,87260.1,90975.0,86350.8,90567.8,119599.5,10646927924.6049
1741219200000,90567.8,92781.6,87800.1,89899.6,129667.137,11710991087.7057
1741305600000,89899.6,91279.5,84594.7,86758.5,232396.768,20437195743.5557
1741392000000,86758.5,86886.3,85185.9,86187.2,41751.928,3594721784.6508
1741478400000,86187.2,86485.0,79913.4,80692.3,111452.862,9268348780.6102
1741564800000,80692.3,84050.0,77403.1,78563.2,201636.174,16265789312.4671
1741651200000,78563.2,83622.9,76545.0,82889.2,181108.547,14610577795.563
1741737600000,82889.2,84489.8,80534.6,83649.9,146745.492,12108909378.8432
1741824000000,83649.9,84343.2,79888.0,81072.3,110846.373,9087529695.8083
1741910400000,81072.3,85299.9,80766.6,83948.3,102811.84,8583411299.4901
1741996800000,83948.3,84661.8,83591.8,84308.4,31601.013,2659788932.3023
1742083200000,84308.4,85136.0,81934.4,82528.5,85945.914,7163603713.6239
1742169600000,82528.5,84728.5,82400.7,83955.1,85305.153,7118485231.1325
1742256000000,83955.1,83975.1,81093.6,82675.7,82150.3,6760273516.9941
1742342400000,82675.7,86970.0,82475.5,86792.3,112044.904,9465258683.6368
1742428800000,86792.3,87400.0,83605.8,84168.9,109032.046,9293087566.4741
1742515200000,84168.9,84800.0,83136.3,84054.6,70320.233,5906373037.583
1742601600000,84054.6,84500.0,83616.0,83805.9,20904.393,1758395609.5073
1742688000000,83805.9,86088.0,83753.2,86037.8,42927.46,3645598792.6798
1742774400000,86037.8,88740.0,85488.4,87459.9,109599.07,9580067463.8075
1742860800000,87459.9,88500.0,86261.0,87362.4,87141.336,7615600776.622
1742947200000,87362.4,88284.0,85800.1,86860.8,87396.784,7614341248.2186
1743033600000,86860.8,87727.9,85695.4,87181.7,82696.83,7191594692.9286
1743120000000,87181.7,87479.4,83545.0,84375.0,109805.483,9335879521.7679
1743206400000,84375.0,84573.8,81602.9,82603.9,69080.844,5720518656.0109
1743292800000,82603.9,83496.8,81510.0,82347.9,56401.758,4665103340.5636
1743379200000,82347.9,83895.7,81212.3,82504.4,110684.793,9130295598.8359
1743465600000,82504.4,85555.0,82375.6,85130.5,104582.987,8796421681.5462
1743552000000,85130.5,88560.1,82281.9,82468.1,182871.38,15642498451.4339
1743638400000,82468.1,83888.0,81146.0,83175.2,112771.731,9309236129.5446
1743724800000,83175.2,84736.0,81605.0,83862.1,177059.417,14738610113.3756
1743811200000,83862.1,84244.0,82343.0,83496.7,45495.798,3785703418.1495
1743897600000,83496.7,83774.3,77083.5,78376.1,136446.269,10949675668.4445
1743984000000,78376.1,81216.8,74456.2,79144.1,292737.153,22772807455.0007
1744070400000,79144.1,80833.6,76200.9,76286.9,145001.902,11382480580.0058
1744156800000,76286.9,83560.0,74565.9,82593.9,270111.176,21231903821.3761
1744243200000,82593.9,82719.2,78422.0,79557.5,139324.086,11230791469.5979
1744329600000,79557.5,84288.0,78928.2,83382.8,134077.874,11007327188.56
1744416000000,83382.8,85888.0,82753.3,85238.4,71841.926,6058790101.2751
1744502400000,85238.4,86099.0,82953.1,83716.8,89899.368,7579301941.8438
1744588800000,83716.8,85771.1,83637.5,84547.4,99376.677,8414789416.9024
1744675200000,84547.4,86444.0,83518.5,83603.7,98576.772,8389568053.4334
1744761600000,83603.7,85522.7,83055.0,83986.0,99113.798,8332079316.1966
1744848000000,83986.0,85455.8,83677.4,84906.5,68592.203,5801521093.7781
1744934400000,84906.5,85104.7,84250.0,84419.6,26057.113,2203647839.6427
1745020800000,84419.6,85644.6,84324.1,85048.5,36278.131,3088491489.5716
1745107200000,85048.5,85290.0,83882.7,85145.5,40286.034,3409197086.2497
1745193600000,85145.5,88442.9,85106.1,87471.1,129404.128,11285241653.5547
1745280000000,87471.1,94000.0,87013.6,93400.0,153373.788,13854195281.6149
1745366400000,93400.0,94722.9,91911.8,93635.2,113972.919,10648743634.4683
1745452800000,93635.2,93985.8,91631.5,93945.5,78591.272,7300038279.6585
1745539200000,93945.5,95724.5,92775.6,94596.2,96457.158,9110674827.5217
1745625600000,94596.2,95150.0,93839.8,94578.3,31062.83,2932446509.8276
1745712000000,94578.3,95279.4,93538.4,93700.0,40006.779,3765317377.5733
1745798400000,93700.0,95564.8,92750.0,94969.7,97921.402,9234195465.9626
1745884800000,94969.7,95444.3,93682.0,94200.0,82182.126,7790806314.5278
1745971200000,94200.0,95187.5,92852.4,94118.0,81712.744,7699736327.6616
1746057600000,94118.0,97383.1,94070.7,96430.9,97422.49,9365331245.2796
1746144000000,96430.9,97868.0,96306.9,96833.5,74214.127,7200200483.4095
1746230400000,96833.5,96865.0,95700.1,95815.5,34455.872,3314107179.8834
1746316800000,95815.5,96257.0,94100.0,94224.1,45488.863,4337251614.0521
1746403200000,94224.1,95149.0,93460.2,94698.7,82848.039,7806571903.2162
1746489600000,94698.7,96880.6,93333.5,96799.0,82877.396,7853714089.7025
1746576000000,96799.0,97700.0,95724.2,96988.1,93114.149,9009072510.6715
1746662400000,96988.1,104253.8,96832.1,103240.0,152859.152,15338630108.8456
1746748800000,103240.0,104330.1,102264.1,102931.2,87154.724,8979125033.5344
1746835200000,102931.2,104986.7,102772.0,104782.3,47626.468,4936953954.3131
1746921600000,104782.3,104936.7,103250.0,104080.0,63469.076,6607222709.9493
1747008000000,104080.0,105842.1,100688.0,102746.0,124705.011,12901483317.6525
1747094400000,102746.0,104949.9,101380.0,104070.6,83517.788,8634338870.6827
1747180800000,104070.6,104325.6,102550.0,103445.0,66471.825,6878022584.9584
1747267200000,103445.0,104203.9,101333.0,103710.0,99517.711,10221028637.3488
1747353600000,103710.0,104555.0,103042.2,103410.2,59383.409,6164027005.537
1747440000000,103410.2,103669.4,102539.7,103081.2,36507.919,3763287968.4289
1747526400000,103081.2,106650.0,103050.0,106428.1,95737.177,10027017232.7117
1747612800000,106428.1,107134.3,102000.0,105538.0,131323.009,13679089439.8561
1747699200000,105538.0,107292.4,104125.4,106808.2,123586.87,13080986499.6125
1747785600000,106808.2,110800.0,106001.8,109608.7,221771.177,23917556090.0638
1747872000000,109608.7,111968.0,109150.0,111646.5,128882.059,14295228239.0881
1747958400000,111646.5,111758.4,110349.0,110850.1,19258.895,2137356047.0328
1748044800000,107275.9,109454.5,106832.3,107716,63242.395,6849779180.5479
1748131200000,107716,109300,106538.4,108976.2,73175.919,7876907291.7306
1748217600000,108976.2,110209.3,108640.7,109707.5,37597.284,4121080486.774
